[
{
    "id": "C028S2D5A8N",
    "name": "group-assignment",
    "created": 1627010719,
    "creator": "U028YQ7RZMG",
    "is_archived": false,
    "is_general": false,
    "members": [
        "U028Q0EAKRD",
        "U028YQ7RZMG",
        "U028Z0YMHDZ",
        "U02950YUZTN"
    ],
    "topic": {
        "value": "",
        "creator": "",
        "last_set": 0
    },
    "purpose": {
        "value": "This *channel* is for working on a project. Hold meetings, share docs, and make decisions together with your team.",
        "creator": "U028YQ7RZMG",
        "last_set": 1627010719
    }
},
{
    "id": "C029BE38PEV",
    "name": "general",
    "created": 1627010485,
    "creator": "U028YQ7RZMG",
    "is_archived": false,
    "is_general": true,
    "members": [
        "U028Q0EAKRD",
        "U028YQ7RZMG",
        "U028Z0YMHDZ",
        "U02950YUZTN"
    ],
    "topic": {
        "value": "",
        "creator": "",
        "last_set": 0
    },
    "purpose": {
        "value": "This is the one channel that will always include everyone. It’s a great spot for announcements and team-wide conversations.",
        "creator": "U028YQ7RZMG",
        "last_set": 1627010485
    }
},
{
    "id": "C029BE38UJV",
    "name": "random",
    "created": 1627010485,
    "creator": "U028YQ7RZMG",
    "is_archived": false,
    "is_general": false,
    "members": [
        "U028Q0EAKRD",
        "U028YQ7RZMG",
        "U028Z0YMHDZ",
        "U02950YUZTN"
    ],
    "topic": {
        "value": "",
        "creator": "",
        "last_set": 0
    },
    "purpose": {
        "value": "This channel is for... well, everything else. It’s a place for team jokes, spur-of-the-moment ideas, and funny GIFs. Go wild!",
        "creator": "U028YQ7RZMG",
        "last_set": 1627010485
    }
},
{
    "id": "C029UNREREG",
    "name": "tutorial",
    "created": 1627606232,
    "creator": "U028Q0EAKRD",
    "is_archived": false,
    "is_general": false,
    "members": [
        "U028Q0EAKRD",
        "U028YQ7RZMG",
        "U028Z0YMHDZ",
        "U02950YUZTN"
    ],
    "topic": {
        "value": "",
        "creator": "",
        "last_set": 0
    },
    "purpose": {
        "value": "",
        "creator": "",
        "last_set": 0
    }
}
]