[
{"id":"U028Q0EAKRD","team_id":"T029NF4AJG0","name":"s3787186","deleted":false,"color":"3c989f","real_name":"Fraser Green","tz":"Australia\/Canberra","tz_label":"Australian Eastern Standard Time","tz_offset":36000,"profile":{"title":"","phone":"","skype":"","real_name":"Fraser Green","real_name_normalized":"Fraser Green","display_name":"Fraser Green","display_name_normalized":"Fraser Green","fields":null,"status_text":"","status_emoji":"","status_expiration":0,"avatar_hash":"ge091c44c094","email":"s3787186@student.rmit.edu.au","image_24":"https:\/\/secure.gravatar.com\/avatar\/e091c44c0941811754163c289480d69a.jpg?s=24&d=https%3A%2F%2Fa.slack-edge.com%2Fdf10d%2Fimg%2Favatars%2Fava_0007-24.png","image_32":"https:\/\/secure.gravatar.com\/avatar\/e091c44c0941811754163c289480d69a.jpg?s=32&d=https%3A%2F%2Fa.slack-edge.com%2Fdf10d%2Fimg%2Favatars%2Fava_0007-32.png","image_48":"https:\/\/secure.gravatar.com\/avatar\/e091c44c0941811754163c289480d69a.jpg?s=48&d=https%3A%2F%2Fa.slack-edge.com%2Fdf10d%2Fimg%2Favatars%2Fava_0007-48.png","image_72":"https:\/\/secure.gravatar.com\/avatar\/e091c44c0941811754163c289480d69a.jpg?s=72&d=https%3A%2F%2Fa.slack-edge.com%2Fdf10d%2Fimg%2Favatars%2Fava_0007-72.png","image_192":"https:\/\/secure.gravatar.com\/avatar\/e091c44c0941811754163c289480d69a.jpg?s=192&d=https%3A%2F%2Fa.slack-edge.com%2Fdf10d%2Fimg%2Favatars%2Fava_0007-192.png","image_512":"https:\/\/secure.gravatar.com\/avatar\/e091c44c0941811754163c289480d69a.jpg?s=512&d=https%3A%2F%2Fa.slack-edge.com%2Fdf10d%2Fimg%2Favatars%2Fava_0007-512.png","status_text_canonical":"","team":"T029NF4AJG0"},"is_admin":false,"is_owner":false,"is_primary_owner":false,"is_restricted":false,"is_ultra_restricted":false,"is_bot":false,"is_app_user":false,"updated":1627278597,"is_email_confirmed":true},
{"id":"U028YQ7RZMG","team_id":"T029NF4AJG0","name":"s3842508","deleted":false,"color":"9f69e7","real_name":"Hugh Phung","tz":"Australia\/Canberra","tz_label":"Australian Eastern Standard Time","tz_offset":36000,"profile":{"title":"","phone":"","skype":"","real_name":"Hugh Phung","real_name_normalized":"Hugh Phung","display_name":"","display_name_normalized":"","fields":[],"status_text":"","status_emoji":"","status_expiration":0,"avatar_hash":"gd135baa49ed","email":"s3842508@student.rmit.edu.au","first_name":"Hugh","last_name":"Phung","image_24":"https:\/\/secure.gravatar.com\/avatar\/d135baa49ed036d1a79965baf65f544b.jpg?s=24&d=https%3A%2F%2Fa.slack-edge.com%2Fdf10d%2Fimg%2Favatars%2Fava_0020-24.png","image_32":"https:\/\/secure.gravatar.com\/avatar\/d135baa49ed036d1a79965baf65f544b.jpg?s=32&d=https%3A%2F%2Fa.slack-edge.com%2Fdf10d%2Fimg%2Favatars%2Fava_0020-32.png","image_48":"https:\/\/secure.gravatar.com\/avatar\/d135baa49ed036d1a79965baf65f544b.jpg?s=48&d=https%3A%2F%2Fa.slack-edge.com%2Fdf10d%2Fimg%2Favatars%2Fava_0020-48.png","image_72":"https:\/\/secure.gravatar.com\/avatar\/d135baa49ed036d1a79965baf65f544b.jpg?s=72&d=https%3A%2F%2Fa.slack-edge.com%2Fdf10d%2Fimg%2Favatars%2Fava_0020-72.png","image_192":"https:\/\/secure.gravatar.com\/avatar\/d135baa49ed036d1a79965baf65f544b.jpg?s=192&d=https%3A%2F%2Fa.slack-edge.com%2Fdf10d%2Fimg%2Favatars%2Fava_0020-192.png","image_512":"https:\/\/secure.gravatar.com\/avatar\/d135baa49ed036d1a79965baf65f544b.jpg?s=512&d=https%3A%2F%2Fa.slack-edge.com%2Fdf10d%2Fimg%2Favatars%2Fava_0020-512.png","status_text_canonical":"","team":"T029NF4AJG0"},"is_admin":true,"is_owner":true,"is_primary_owner":true,"is_restricted":false,"is_ultra_restricted":false,"is_bot":false,"is_app_user":false,"updated":1627278988,"is_email_confirmed":true},
{"id":"U028Z0YMHDZ","team_id":"T029NF4AJG0","name":"s3285137","deleted":false,"color":"e7392d","real_name":"Reylan Gill","tz":"Australia\/Canberra","tz_label":"Australian Eastern Standard Time","tz_offset":36000,"profile":{"title":"","phone":"","skype":"","real_name":"Reylan Gill","real_name_normalized":"Reylan Gill","display_name":"Reylan Gill","display_name_normalized":"Reylan Gill","fields":null,"status_text":"","status_emoji":"","status_expiration":0,"avatar_hash":"g6d65e276635","email":"s3285137@student.rmit.edu.au","image_24":"https:\/\/secure.gravatar.com\/avatar\/6d65e276635701955d4de4faffaf4616.jpg?s=24&d=https%3A%2F%2Fa.slack-edge.com%2Fdf10d%2Fimg%2Favatars%2Fava_0018-24.png","image_32":"https:\/\/secure.gravatar.com\/avatar\/6d65e276635701955d4de4faffaf4616.jpg?s=32&d=https%3A%2F%2Fa.slack-edge.com%2Fdf10d%2Fimg%2Favatars%2Fava_0018-32.png","image_48":"https:\/\/secure.gravatar.com\/avatar\/6d65e276635701955d4de4faffaf4616.jpg?s=48&d=https%3A%2F%2Fa.slack-edge.com%2Fdf10d%2Fimg%2Favatars%2Fava_0018-48.png","image_72":"https:\/\/secure.gravatar.com\/avatar\/6d65e276635701955d4de4faffaf4616.jpg?s=72&d=https%3A%2F%2Fa.slack-edge.com%2Fdf10d%2Fimg%2Favatars%2Fava_0018-72.png","image_192":"https:\/\/secure.gravatar.com\/avatar\/6d65e276635701955d4de4faffaf4616.jpg?s=192&d=https%3A%2F%2Fa.slack-edge.com%2Fdf10d%2Fimg%2Favatars%2Fava_0018-192.png","image_512":"https:\/\/secure.gravatar.com\/avatar\/6d65e276635701955d4de4faffaf4616.jpg?s=512&d=https%3A%2F%2Fa.slack-edge.com%2Fdf10d%2Fimg%2Favatars%2Fava_0018-512.png","status_text_canonical":"","team":"T029NF4AJG0"},"is_admin":false,"is_owner":false,"is_primary_owner":false,"is_restricted":false,"is_ultra_restricted":false,"is_bot":false,"is_app_user":false,"updated":1627293604,"is_email_confirmed":true},
{"id":"U02950YUZTN","team_id":"T029NF4AJG0","name":"s3199556","deleted":false,"color":"4bbe2e","real_name":"Sam Te","tz":"Australia\/Canberra","tz_label":"Australian Eastern Standard Time","tz_offset":36000,"profile":{"title":"","phone":"","skype":"","real_name":"Sam Te","real_name_normalized":"Sam Te","display_name":"Sam Te","display_name_normalized":"Sam Te","fields":null,"status_text":"","status_emoji":"","status_expiration":0,"avatar_hash":"22b11c38dda1","image_original":"https:\/\/avatars.slack-edge.com\/2021-07-22\/2317487721617_22b11c38dda197cd1cde_original.png","is_custom_image":true,"email":"s3199556@student.rmit.edu.au","image_24":"https:\/\/avatars.slack-edge.com\/2021-07-22\/2317487721617_22b11c38dda197cd1cde_24.png","image_32":"https:\/\/avatars.slack-edge.com\/2021-07-22\/2317487721617_22b11c38dda197cd1cde_32.png","image_48":"https:\/\/avatars.slack-edge.com\/2021-07-22\/2317487721617_22b11c38dda197cd1cde_48.png","image_72":"https:\/\/avatars.slack-edge.com\/2021-07-22\/2317487721617_22b11c38dda197cd1cde_72.png","image_192":"https:\/\/avatars.slack-edge.com\/2021-07-22\/2317487721617_22b11c38dda197cd1cde_192.png","image_512":"https:\/\/avatars.slack-edge.com\/2021-07-22\/2317487721617_22b11c38dda197cd1cde_512.png","image_1024":"https:\/\/avatars.slack-edge.com\/2021-07-22\/2317487721617_22b11c38dda197cd1cde_1024.png","status_text_canonical":"","team":"T029NF4AJG0"},"is_admin":false,"is_owner":false,"is_primary_owner":false,"is_restricted":false,"is_ultra_restricted":false,"is_bot":false,"is_app_user":false,"updated":1627010895,"is_email_confirmed":true}
]