[
    {
        "client_msg_id": "7fe09724-f172-41c6-a40e-b7b6fc4c6c8f",
        "type": "message",
        "text": "ooh goodie, i didn't miss anything",
        "user": "U028Z0YMHDZ",
        "ts": "1627605427.000300",
        "team": "T029NF4AJG0",
        "user_team": "T029NF4AJG0",
        "source_team": "T029NF4AJG0",
        "user_profile": {
            "avatar_hash": "g6d65e276635",
            "image_72": "https:\/\/secure.gravatar.com\/avatar\/6d65e276635701955d4de4faffaf4616.jpg?s=72&d=https%3A%2F%2Fa.slack-edge.com%2Fdf10d%2Fimg%2Favatars%2Fava_0018-72.png",
            "first_name": "",
            "real_name": "Reylan Gill",
            "display_name": "Reylan Gill",
            "team": "T029NF4AJG0",
            "name": "s3285137",
            "is_restricted": false,
            "is_ultra_restricted": false
        },
        "blocks": [
            {
                "type": "rich_text",
                "block_id": "NfmE",
                "elements": [
                    {
                        "type": "rich_text_section",
                        "elements": [
                            {
                                "type": "text",
                                "text": "ooh goodie, i didn't miss anything"
                            }
                        ]
                    }
                ]
            }
        ]
    },
    {
        "client_msg_id": "a475e662-0b24-4dc6-9827-4579b966e3da",
        "type": "message",
        "text": ":+1:",
        "user": "U028YQ7RZMG",
        "ts": "1627605446.000500",
        "team": "T029NF4AJG0",
        "user_team": "T029NF4AJG0",
        "source_team": "T029NF4AJG0",
        "user_profile": {
            "avatar_hash": "gd135baa49ed",
            "image_72": "https:\/\/secure.gravatar.com\/avatar\/d135baa49ed036d1a79965baf65f544b.jpg?s=72&d=https%3A%2F%2Fa.slack-edge.com%2Fdf10d%2Fimg%2Favatars%2Fava_0020-72.png",
            "first_name": "Hugh",
            "real_name": "Hugh Phung",
            "display_name": "",
            "team": "T029NF4AJG0",
            "name": "s3842508",
            "is_restricted": false,
            "is_ultra_restricted": false
        },
        "blocks": [
            {
                "type": "rich_text",
                "block_id": "quhT4",
                "elements": [
                    {
                        "type": "rich_text_section",
                        "elements": [
                            {
                                "type": "emoji",
                                "name": "+1"
                            }
                        ]
                    }
                ]
            }
        ]
    }
]