[
    {
        "type": "message",
        "subtype": "channel_join",
        "ts": "1627010485.000200",
        "user": "U028YQ7RZMG",
        "text": "<@U028YQ7RZMG> has joined the channel"
    },
    {
        "type": "message",
        "subtype": "channel_join",
        "ts": "1627010893.000600",
        "user": "U02950YUZTN",
        "text": "<@U02950YUZTN> has joined the channel"
    },
    {
        "client_msg_id": "9f65e420-9b9e-4941-8b92-9059318ee126",
        "type": "message",
        "text": ":wave: Hi everyone!",
        "user": "U028YQ7RZMG",
        "ts": "1627011071.000800",
        "team": "T029NF4AJG0",
        "user_team": "T029NF4AJG0",
        "source_team": "T029NF4AJG0",
        "user_profile": {
            "avatar_hash": "gd135baa49ed",
            "image_72": "https:\/\/secure.gravatar.com\/avatar\/d135baa49ed036d1a79965baf65f544b.jpg?s=72&d=https%3A%2F%2Fa.slack-edge.com%2Fdf10d%2Fimg%2Favatars%2Fava_0020-72.png",
            "first_name": "Hugh",
            "real_name": "Hugh Phung",
            "display_name": "",
            "team": "T029NF4AJG0",
            "name": "s3842508",
            "is_restricted": false,
            "is_ultra_restricted": false
        },
        "blocks": [
            {
                "type": "rich_text",
                "block_id": "6nE",
                "elements": [
                    {
                        "type": "rich_text_section",
                        "elements": [
                            {
                                "type": "emoji",
                                "name": "wave"
                            },
                            {
                                "type": "text",
                                "text": " Hi everyone!"
                            }
                        ]
                    }
                ]
            }
        ]
    },
    {
        "client_msg_id": "130005f9-858f-4938-b5df-89f425ea886b",
        "type": "message",
        "text": "hello",
        "user": "U02950YUZTN",
        "ts": "1627011092.001300",
        "team": "T029NF4AJG0",
        "user_team": "T029NF4AJG0",
        "source_team": "T029NF4AJG0",
        "user_profile": {
            "avatar_hash": "22b11c38dda1",
            "image_72": "https:\/\/avatars.slack-edge.com\/2021-07-22\/2317487721617_22b11c38dda197cd1cde_72.png",
            "first_name": "",
            "real_name": "Sam Te",
            "display_name": "Sam Te",
            "team": "T029NF4AJG0",
            "name": "s3199556",
            "is_restricted": false,
            "is_ultra_restricted": false
        },
        "blocks": [
            {
                "type": "rich_text",
                "block_id": "QpuYj",
                "elements": [
                    {
                        "type": "rich_text_section",
                        "elements": [
                            {
                                "type": "text",
                                "text": "hello"
                            }
                        ]
                    }
                ]
            }
        ]
    },
    {
        "client_msg_id": "74b2d036-2987-4126-a6db-ee74ca61b5d5",
        "type": "message",
        "text": "Course said use Slack and Jira so that’s what we have set up",
        "user": "U028YQ7RZMG",
        "ts": "1627011100.001500",
        "team": "T029NF4AJG0",
        "user_team": "T029NF4AJG0",
        "source_team": "T029NF4AJG0",
        "user_profile": {
            "avatar_hash": "gd135baa49ed",
            "image_72": "https:\/\/secure.gravatar.com\/avatar\/d135baa49ed036d1a79965baf65f544b.jpg?s=72&d=https%3A%2F%2Fa.slack-edge.com%2Fdf10d%2Fimg%2Favatars%2Fava_0020-72.png",
            "first_name": "Hugh",
            "real_name": "Hugh Phung",
            "display_name": "",
            "team": "T029NF4AJG0",
            "name": "s3842508",
            "is_restricted": false,
            "is_ultra_restricted": false
        },
        "blocks": [
            {
                "type": "rich_text",
                "block_id": "q1L",
                "elements": [
                    {
                        "type": "rich_text_section",
                        "elements": [
                            {
                                "type": "text",
                                "text": "Course said use Slack and Jira so that’s what we have set up"
                            }
                        ]
                    }
                ]
            }
        ]
    }
]