[
    {
        "client_msg_id": "0b75bf0b-b718-4f0e-83c8-2ceb823eeb02",
        "type": "message",
        "text": "If Slack is the industry norm then im all for using it",
        "user": "U028Q0EAKRD",
        "ts": "1627449029.000500",
        "team": "T029NF4AJG0",
        "user_team": "T029NF4AJG0",
        "source_team": "T029NF4AJG0",
        "user_profile": {
            "avatar_hash": "ge091c44c094",
            "image_72": "https:\/\/secure.gravatar.com\/avatar\/e091c44c0941811754163c289480d69a.jpg?s=72&d=https%3A%2F%2Fa.slack-edge.com%2Fdf10d%2Fimg%2Favatars%2Fava_0007-72.png",
            "first_name": "",
            "real_name": "Fraser Green",
            "display_name": "Fraser Green",
            "team": "T029NF4AJG0",
            "name": "s3787186",
            "is_restricted": false,
            "is_ultra_restricted": false
        },
        "blocks": [
            {
                "type": "rich_text",
                "block_id": "WVxQ",
                "elements": [
                    {
                        "type": "rich_text_section",
                        "elements": [
                            {
                                "type": "text",
                                "text": "If Slack is the industry norm then im all for using it"
                            }
                        ]
                    }
                ]
            }
        ],
        "reactions": [
            {
                "name": "+1",
                "users": [
                    "U028Z0YMHDZ",
                    "U028YQ7RZMG"
                ],
                "count": 2
            }
        ]
    },
    {
        "client_msg_id": "c7de8dd7-f19d-428a-b0f1-8e6eb9ce4e14",
        "type": "message",
        "text": "we should all read over the specs and maybe assign roles as well as what you said before the next tute",
        "user": "U028Q0EAKRD",
        "ts": "1627449071.001200",
        "team": "T029NF4AJG0",
        "user_team": "T029NF4AJG0",
        "source_team": "T029NF4AJG0",
        "user_profile": {
            "avatar_hash": "ge091c44c094",
            "image_72": "https:\/\/secure.gravatar.com\/avatar\/e091c44c0941811754163c289480d69a.jpg?s=72&d=https%3A%2F%2Fa.slack-edge.com%2Fdf10d%2Fimg%2Favatars%2Fava_0007-72.png",
            "first_name": "",
            "real_name": "Fraser Green",
            "display_name": "Fraser Green",
            "team": "T029NF4AJG0",
            "name": "s3787186",
            "is_restricted": false,
            "is_ultra_restricted": false
        },
        "blocks": [
            {
                "type": "rich_text",
                "block_id": "QkIw",
                "elements": [
                    {
                        "type": "rich_text_section",
                        "elements": [
                            {
                                "type": "text",
                                "text": "we should all read over the specs and maybe assign roles as well as what you said before the next tute"
                            }
                        ]
                    }
                ]
            }
        ]
    },
    {
        "client_msg_id": "5cd97b62-711f-40c0-a4aa-fc4f2c568aa8",
        "type": "message",
        "text": "mmm, maybe we should have a meeting at some point, or just wait til friday class. i don't mind really, up to you guys",
        "user": "U028Z0YMHDZ",
        "ts": "1627451864.002000",
        "team": "T029NF4AJG0",
        "user_team": "T029NF4AJG0",
        "source_team": "T029NF4AJG0",
        "user_profile": {
            "avatar_hash": "g6d65e276635",
            "image_72": "https:\/\/secure.gravatar.com\/avatar\/6d65e276635701955d4de4faffaf4616.jpg?s=72&d=https%3A%2F%2Fa.slack-edge.com%2Fdf10d%2Fimg%2Favatars%2Fava_0018-72.png",
            "first_name": "",
            "real_name": "Reylan Gill",
            "display_name": "Reylan Gill",
            "team": "T029NF4AJG0",
            "name": "s3285137",
            "is_restricted": false,
            "is_ultra_restricted": false
        },
        "blocks": [
            {
                "type": "rich_text",
                "block_id": "kZiT",
                "elements": [
                    {
                        "type": "rich_text_section",
                        "elements": [
                            {
                                "type": "text",
                                "text": "mmm, maybe we should have a meeting at some point, or just wait til friday class. i don't mind really, up to you guys"
                            }
                        ]
                    }
                ]
            }
        ]
    },
    {
        "client_msg_id": "d19b93e7-fd01-4c2a-a918-071ccd87b684",
        "type": "message",
        "text": "Reading the spec would be a good idea before the tute",
        "user": "U028YQ7RZMG",
        "ts": "1627452750.002400",
        "team": "T029NF4AJG0",
        "user_team": "T029NF4AJG0",
        "source_team": "T029NF4AJG0",
        "user_profile": {
            "avatar_hash": "gd135baa49ed",
            "image_72": "https:\/\/secure.gravatar.com\/avatar\/d135baa49ed036d1a79965baf65f544b.jpg?s=72&d=https%3A%2F%2Fa.slack-edge.com%2Fdf10d%2Fimg%2Favatars%2Fava_0020-72.png",
            "first_name": "Hugh",
            "real_name": "Hugh Phung",
            "display_name": "",
            "team": "T029NF4AJG0",
            "name": "s3842508",
            "is_restricted": false,
            "is_ultra_restricted": false
        },
        "blocks": [
            {
                "type": "rich_text",
                "block_id": "4YR",
                "elements": [
                    {
                        "type": "rich_text_section",
                        "elements": [
                            {
                                "type": "text",
                                "text": "Reading the spec would be a good idea before the tute"
                            }
                        ]
                    }
                ]
            }
        ]
    },
    {
        "client_msg_id": "e8e4c6f2-2dc7-42c5-9235-40a9791cd090",
        "type": "message",
        "text": "I believe sprint 0 is to be completed sometime within the coming week",
        "user": "U028YQ7RZMG",
        "ts": "1627452769.002900",
        "team": "T029NF4AJG0",
        "user_team": "T029NF4AJG0",
        "source_team": "T029NF4AJG0",
        "user_profile": {
            "avatar_hash": "gd135baa49ed",
            "image_72": "https:\/\/secure.gravatar.com\/avatar\/d135baa49ed036d1a79965baf65f544b.jpg?s=72&d=https%3A%2F%2Fa.slack-edge.com%2Fdf10d%2Fimg%2Favatars%2Fava_0020-72.png",
            "first_name": "Hugh",
            "real_name": "Hugh Phung",
            "display_name": "",
            "team": "T029NF4AJG0",
            "name": "s3842508",
            "is_restricted": false,
            "is_ultra_restricted": false
        },
        "blocks": [
            {
                "type": "rich_text",
                "block_id": "2eD9S",
                "elements": [
                    {
                        "type": "rich_text_section",
                        "elements": [
                            {
                                "type": "text",
                                "text": "I believe sprint 0 is to be completed sometime within the coming week"
                            }
                        ]
                    }
                ]
            }
        ]
    },
    {
        "client_msg_id": "384cb863-0c82-4c95-8aa8-ac50e9323896",
        "type": "message",
        "text": "That would require us to delegate roles as well",
        "user": "U028YQ7RZMG",
        "ts": "1627452781.003200",
        "team": "T029NF4AJG0",
        "user_team": "T029NF4AJG0",
        "source_team": "T029NF4AJG0",
        "user_profile": {
            "avatar_hash": "gd135baa49ed",
            "image_72": "https:\/\/secure.gravatar.com\/avatar\/d135baa49ed036d1a79965baf65f544b.jpg?s=72&d=https%3A%2F%2Fa.slack-edge.com%2Fdf10d%2Fimg%2Favatars%2Fava_0020-72.png",
            "first_name": "Hugh",
            "real_name": "Hugh Phung",
            "display_name": "",
            "team": "T029NF4AJG0",
            "name": "s3842508",
            "is_restricted": false,
            "is_ultra_restricted": false
        },
        "blocks": [
            {
                "type": "rich_text",
                "block_id": "+46S",
                "elements": [
                    {
                        "type": "rich_text_section",
                        "elements": [
                            {
                                "type": "text",
                                "text": "That would require us to delegate roles as well"
                            }
                        ]
                    }
                ]
            }
        ]
    },
    {
        "client_msg_id": "3ba8f877-d178-4594-be56-1b56a93a4b3e",
        "type": "message",
        "text": "alright, so sometime tomorrow i suppose",
        "user": "U028Z0YMHDZ",
        "ts": "1627453726.003500",
        "team": "T029NF4AJG0",
        "user_team": "T029NF4AJG0",
        "source_team": "T029NF4AJG0",
        "user_profile": {
            "avatar_hash": "g6d65e276635",
            "image_72": "https:\/\/secure.gravatar.com\/avatar\/6d65e276635701955d4de4faffaf4616.jpg?s=72&d=https%3A%2F%2Fa.slack-edge.com%2Fdf10d%2Fimg%2Favatars%2Fava_0018-72.png",
            "first_name": "",
            "real_name": "Reylan Gill",
            "display_name": "Reylan Gill",
            "team": "T029NF4AJG0",
            "name": "s3285137",
            "is_restricted": false,
            "is_ultra_restricted": false
        },
        "blocks": [
            {
                "type": "rich_text",
                "block_id": "zIK",
                "elements": [
                    {
                        "type": "rich_text_section",
                        "elements": [
                            {
                                "type": "text",
                                "text": "alright, so sometime tomorrow i suppose"
                            }
                        ]
                    }
                ]
            }
        ]
    },
    {
        "client_msg_id": "e0b1b5f7-d778-4d29-82c5-4b17478a3bd6",
        "type": "message",
        "text": "i dont have classes on thursdays :thumbsup:",
        "user": "U028Z0YMHDZ",
        "ts": "1627453748.004000",
        "team": "T029NF4AJG0",
        "user_team": "T029NF4AJG0",
        "source_team": "T029NF4AJG0",
        "user_profile": {
            "avatar_hash": "g6d65e276635",
            "image_72": "https:\/\/secure.gravatar.com\/avatar\/6d65e276635701955d4de4faffaf4616.jpg?s=72&d=https%3A%2F%2Fa.slack-edge.com%2Fdf10d%2Fimg%2Favatars%2Fava_0018-72.png",
            "first_name": "",
            "real_name": "Reylan Gill",
            "display_name": "Reylan Gill",
            "team": "T029NF4AJG0",
            "name": "s3285137",
            "is_restricted": false,
            "is_ultra_restricted": false
        },
        "blocks": [
            {
                "type": "rich_text",
                "block_id": "NJP",
                "elements": [
                    {
                        "type": "rich_text_section",
                        "elements": [
                            {
                                "type": "text",
                                "text": "i dont have classes on thursdays "
                            },
                            {
                                "type": "emoji",
                                "name": "thumbsup"
                            }
                        ]
                    }
                ]
            }
        ]
    },
    {
        "client_msg_id": "66559a22-5379-4711-9db1-e671149142fd",
        "type": "message",
        "text": "something i'm unsure about is the spec says we write user stories based on the scenario given\/system specified",
        "user": "U028Z0YMHDZ",
        "ts": "1627453820.004600",
        "team": "T029NF4AJG0",
        "user_team": "T029NF4AJG0",
        "source_team": "T029NF4AJG0",
        "user_profile": {
            "avatar_hash": "g6d65e276635",
            "image_72": "https:\/\/secure.gravatar.com\/avatar\/6d65e276635701955d4de4faffaf4616.jpg?s=72&d=https%3A%2F%2Fa.slack-edge.com%2Fdf10d%2Fimg%2Favatars%2Fava_0018-72.png",
            "first_name": "",
            "real_name": "Reylan Gill",
            "display_name": "Reylan Gill",
            "team": "T029NF4AJG0",
            "name": "s3285137",
            "is_restricted": false,
            "is_ultra_restricted": false
        },
        "blocks": [
            {
                "type": "rich_text",
                "block_id": "M4ib7",
                "elements": [
                    {
                        "type": "rich_text_section",
                        "elements": [
                            {
                                "type": "text",
                                "text": "something i'm unsure about is the spec says we write user stories based on the scenario given\/system specified"
                            }
                        ]
                    }
                ]
            }
        ]
    },
    {
        "client_msg_id": "db5ea4aa-33dc-4191-b0a7-ca260228f0ca",
        "type": "message",
        "text": "but tutor is our product owner",
        "user": "U028Z0YMHDZ",
        "ts": "1627453831.004900",
        "team": "T029NF4AJG0",
        "user_team": "T029NF4AJG0",
        "source_team": "T029NF4AJG0",
        "user_profile": {
            "avatar_hash": "g6d65e276635",
            "image_72": "https:\/\/secure.gravatar.com\/avatar\/6d65e276635701955d4de4faffaf4616.jpg?s=72&d=https%3A%2F%2Fa.slack-edge.com%2Fdf10d%2Fimg%2Favatars%2Fava_0018-72.png",
            "first_name": "",
            "real_name": "Reylan Gill",
            "display_name": "Reylan Gill",
            "team": "T029NF4AJG0",
            "name": "s3285137",
            "is_restricted": false,
            "is_ultra_restricted": false
        },
        "blocks": [
            {
                "type": "rich_text",
                "block_id": "\/EBrr",
                "elements": [
                    {
                        "type": "rich_text_section",
                        "elements": [
                            {
                                "type": "text",
                                "text": "but tutor is our product owner"
                            }
                        ]
                    }
                ]
            }
        ]
    },
    {
        "client_msg_id": "b2d8a4e4-276e-405d-8b3c-da32c6f6b83b",
        "type": "message",
        "text": "so is he giving us a backlog or wat",
        "user": "U028Z0YMHDZ",
        "ts": "1627453836.005100",
        "team": "T029NF4AJG0",
        "user_team": "T029NF4AJG0",
        "source_team": "T029NF4AJG0",
        "user_profile": {
            "avatar_hash": "g6d65e276635",
            "image_72": "https:\/\/secure.gravatar.com\/avatar\/6d65e276635701955d4de4faffaf4616.jpg?s=72&d=https%3A%2F%2Fa.slack-edge.com%2Fdf10d%2Fimg%2Favatars%2Fava_0018-72.png",
            "first_name": "",
            "real_name": "Reylan Gill",
            "display_name": "Reylan Gill",
            "team": "T029NF4AJG0",
            "name": "s3285137",
            "is_restricted": false,
            "is_ultra_restricted": false
        },
        "blocks": [
            {
                "type": "rich_text",
                "block_id": "kKk",
                "elements": [
                    {
                        "type": "rich_text_section",
                        "elements": [
                            {
                                "type": "text",
                                "text": "so is he giving us a backlog or wat"
                            }
                        ]
                    }
                ]
            }
        ]
    },
    {
        "client_msg_id": "00b8f3b5-0ac8-4300-adfc-33719b81c858",
        "type": "message",
        "text": "it says specifically: Write as many user stories as required by PO for all main features.\" (for milestone 1)",
        "user": "U028Z0YMHDZ",
        "ts": "1627454123.005600",
        "team": "T029NF4AJG0",
        "user_team": "T029NF4AJG0",
        "source_team": "T029NF4AJG0",
        "user_profile": {
            "avatar_hash": "g6d65e276635",
            "image_72": "https:\/\/secure.gravatar.com\/avatar\/6d65e276635701955d4de4faffaf4616.jpg?s=72&d=https%3A%2F%2Fa.slack-edge.com%2Fdf10d%2Fimg%2Favatars%2Fava_0018-72.png",
            "first_name": "",
            "real_name": "Reylan Gill",
            "display_name": "Reylan Gill",
            "team": "T029NF4AJG0",
            "name": "s3285137",
            "is_restricted": false,
            "is_ultra_restricted": false
        },
        "blocks": [
            {
                "type": "rich_text",
                "block_id": "yVg7",
                "elements": [
                    {
                        "type": "rich_text_section",
                        "elements": [
                            {
                                "type": "text",
                                "text": "it says specifically: Write as many user stories as required by PO for all main features.\" (for milestone 1)"
                            }
                        ]
                    }
                ]
            }
        ]
    },
    {
        "client_msg_id": "61e58f69-ddfd-45d7-8b33-05d3b26d8f1b",
        "type": "message",
        "text": "so i guess dipto will tell us what we need to do",
        "user": "U028Z0YMHDZ",
        "ts": "1627454142.005900",
        "team": "T029NF4AJG0",
        "user_team": "T029NF4AJG0",
        "source_team": "T029NF4AJG0",
        "user_profile": {
            "avatar_hash": "g6d65e276635",
            "image_72": "https:\/\/secure.gravatar.com\/avatar\/6d65e276635701955d4de4faffaf4616.jpg?s=72&d=https%3A%2F%2Fa.slack-edge.com%2Fdf10d%2Fimg%2Favatars%2Fava_0018-72.png",
            "first_name": "",
            "real_name": "Reylan Gill",
            "display_name": "Reylan Gill",
            "team": "T029NF4AJG0",
            "name": "s3285137",
            "is_restricted": false,
            "is_ultra_restricted": false
        },
        "blocks": [
            {
                "type": "rich_text",
                "block_id": "a7Jp",
                "elements": [
                    {
                        "type": "rich_text_section",
                        "elements": [
                            {
                                "type": "text",
                                "text": "so i guess dipto will tell us what we need to do"
                            }
                        ]
                    }
                ]
            }
        ]
    },
    {
        "client_msg_id": "2392a090-b32d-4923-9c50-4baa41ba15fa",
        "type": "message",
        "text": "and also milestone 1 isn't due til 14th",
        "user": "U028Z0YMHDZ",
        "ts": "1627454196.006200",
        "team": "T029NF4AJG0",
        "user_team": "T029NF4AJG0",
        "source_team": "T029NF4AJG0",
        "user_profile": {
            "avatar_hash": "g6d65e276635",
            "image_72": "https:\/\/secure.gravatar.com\/avatar\/6d65e276635701955d4de4faffaf4616.jpg?s=72&d=https%3A%2F%2Fa.slack-edge.com%2Fdf10d%2Fimg%2Favatars%2Fava_0018-72.png",
            "first_name": "",
            "real_name": "Reylan Gill",
            "display_name": "Reylan Gill",
            "team": "T029NF4AJG0",
            "name": "s3285137",
            "is_restricted": false,
            "is_ultra_restricted": false
        },
        "blocks": [
            {
                "type": "rich_text",
                "block_id": "1laVx",
                "elements": [
                    {
                        "type": "rich_text_section",
                        "elements": [
                            {
                                "type": "text",
                                "text": "and also milestone 1 isn't due til 14th"
                            }
                        ]
                    }
                ]
            }
        ]
    },
    {
        "client_msg_id": "1feca0b4-c1e4-4542-915b-05b4f6776b19",
        "type": "message",
        "text": "cool",
        "user": "U028Z0YMHDZ",
        "ts": "1627454246.006400",
        "team": "T029NF4AJG0",
        "user_team": "T029NF4AJG0",
        "source_team": "T029NF4AJG0",
        "user_profile": {
            "avatar_hash": "g6d65e276635",
            "image_72": "https:\/\/secure.gravatar.com\/avatar\/6d65e276635701955d4de4faffaf4616.jpg?s=72&d=https%3A%2F%2Fa.slack-edge.com%2Fdf10d%2Fimg%2Favatars%2Fava_0018-72.png",
            "first_name": "",
            "real_name": "Reylan Gill",
            "display_name": "Reylan Gill",
            "team": "T029NF4AJG0",
            "name": "s3285137",
            "is_restricted": false,
            "is_ultra_restricted": false
        },
        "blocks": [
            {
                "type": "rich_text",
                "block_id": "TuO",
                "elements": [
                    {
                        "type": "rich_text_section",
                        "elements": [
                            {
                                "type": "text",
                                "text": "cool"
                            }
                        ]
                    }
                ]
            }
        ]
    }
]