[
    {
        "type": "message",
        "subtype": "channel_join",
        "ts": "1627278598.000300",
        "user": "U028Q0EAKRD",
        "text": "<@U028Q0EAKRD> has joined the channel"
    },
    {
        "client_msg_id": "d2122472-0bbe-4cda-92ac-5a4d996b1ef3",
        "type": "message",
        "text": "Hey guys",
        "user": "U028Q0EAKRD",
        "ts": "1627278665.000600",
        "team": "T029NF4AJG0",
        "user_team": "T029NF4AJG0",
        "source_team": "T029NF4AJG0",
        "user_profile": {
            "avatar_hash": "ge091c44c094",
            "image_72": "https:\/\/secure.gravatar.com\/avatar\/e091c44c0941811754163c289480d69a.jpg?s=72&d=https%3A%2F%2Fa.slack-edge.com%2Fdf10d%2Fimg%2Favatars%2Fava_0007-72.png",
            "first_name": "",
            "real_name": "Fraser Green",
            "display_name": "Fraser Green",
            "team": "T029NF4AJG0",
            "name": "s3787186",
            "is_restricted": false,
            "is_ultra_restricted": false
        },
        "blocks": [
            {
                "type": "rich_text",
                "block_id": "N01x",
                "elements": [
                    {
                        "type": "rich_text_section",
                        "elements": [
                            {
                                "type": "text",
                                "text": "Hey guys"
                            }
                        ]
                    }
                ]
            }
        ]
    },
    {
        "client_msg_id": "446bee96-3dd4-48d4-860a-073983ff42e3",
        "type": "message",
        "text": "Hello Hello",
        "user": "U028YQ7RZMG",
        "ts": "1627278964.000800",
        "team": "T029NF4AJG0",
        "user_team": "T029NF4AJG0",
        "source_team": "T029NF4AJG0",
        "user_profile": {
            "avatar_hash": "gd135baa49ed",
            "image_72": "https:\/\/secure.gravatar.com\/avatar\/d135baa49ed036d1a79965baf65f544b.jpg?s=72&d=https%3A%2F%2Fa.slack-edge.com%2Fdf10d%2Fimg%2Favatars%2Fava_0020-72.png",
            "first_name": "Hugh",
            "real_name": "Hugh Phung",
            "display_name": "",
            "team": "T029NF4AJG0",
            "name": "s3842508",
            "is_restricted": false,
            "is_ultra_restricted": false
        },
        "blocks": [
            {
                "type": "rich_text",
                "block_id": "BMF",
                "elements": [
                    {
                        "type": "rich_text_section",
                        "elements": [
                            {
                                "type": "text",
                                "text": "Hello Hello"
                            }
                        ]
                    }
                ]
            }
        ]
    }
]