[
    {
        "client_msg_id": "171f1c6f-34eb-4cc7-b71a-a7cd214ad937",
        "type": "message",
        "text": "Dunno if we'll have a meeting tonight",
        "user": "U028YQ7RZMG",
        "ts": "1628758271.000300",
        "team": "T029NF4AJG0",
        "user_team": "T029NF4AJG0",
        "source_team": "T029NF4AJG0",
        "user_profile": {
            "avatar_hash": "gd135baa49ed",
            "image_72": "https:\/\/secure.gravatar.com\/avatar\/d135baa49ed036d1a79965baf65f544b.jpg?s=72&d=https%3A%2F%2Fa.slack-edge.com%2Fdf10d%2Fimg%2Favatars%2Fava_0020-72.png",
            "first_name": "Hugh",
            "real_name": "Hugh Phung",
            "display_name": "",
            "team": "T029NF4AJG0",
            "name": "s3842508",
            "is_restricted": false,
            "is_ultra_restricted": false
        },
        "blocks": [
            {
                "type": "rich_text",
                "block_id": "+x8j",
                "elements": [
                    {
                        "type": "rich_text_section",
                        "elements": [
                            {
                                "type": "text",
                                "text": "Dunno if we'll have a meeting tonight"
                            }
                        ]
                    }
                ]
            }
        ]
    },
    {
        "client_msg_id": "ebcf70ec-7b80-471e-b8ca-f541a5a38f0c",
        "type": "message",
        "text": "But I did fill in a Dod1 though nothing special",
        "user": "U028YQ7RZMG",
        "ts": "1628758283.000700",
        "team": "T029NF4AJG0",
        "user_team": "T029NF4AJG0",
        "source_team": "T029NF4AJG0",
        "user_profile": {
            "avatar_hash": "gd135baa49ed",
            "image_72": "https:\/\/secure.gravatar.com\/avatar\/d135baa49ed036d1a79965baf65f544b.jpg?s=72&d=https%3A%2F%2Fa.slack-edge.com%2Fdf10d%2Fimg%2Favatars%2Fava_0020-72.png",
            "first_name": "Hugh",
            "real_name": "Hugh Phung",
            "display_name": "",
            "team": "T029NF4AJG0",
            "name": "s3842508",
            "is_restricted": false,
            "is_ultra_restricted": false
        },
        "blocks": [
            {
                "type": "rich_text",
                "block_id": "CeE",
                "elements": [
                    {
                        "type": "rich_text_section",
                        "elements": [
                            {
                                "type": "text",
                                "text": "But I did fill in a Dod1 though nothing special"
                            }
                        ]
                    }
                ]
            }
        ],
        "reactions": [
            {
                "name": "+1",
                "users": [
                    "U028Z0YMHDZ"
                ],
                "count": 1
            }
        ]
    },
    {
        "client_msg_id": "a4bb8672-e8a7-4e30-a7b7-9d322d8f9beb",
        "type": "message",
        "text": "I did a bit of the sprint 1 plan but it could be finalised tomorrow",
        "user": "U028YQ7RZMG",
        "ts": "1628758321.001500",
        "team": "T029NF4AJG0",
        "user_team": "T029NF4AJG0",
        "source_team": "T029NF4AJG0",
        "user_profile": {
            "avatar_hash": "gd135baa49ed",
            "image_72": "https:\/\/secure.gravatar.com\/avatar\/d135baa49ed036d1a79965baf65f544b.jpg?s=72&d=https%3A%2F%2Fa.slack-edge.com%2Fdf10d%2Fimg%2Favatars%2Fava_0020-72.png",
            "first_name": "Hugh",
            "real_name": "Hugh Phung",
            "display_name": "",
            "team": "T029NF4AJG0",
            "name": "s3842508",
            "is_restricted": false,
            "is_ultra_restricted": false
        },
        "blocks": [
            {
                "type": "rich_text",
                "block_id": "zR\/",
                "elements": [
                    {
                        "type": "rich_text_section",
                        "elements": [
                            {
                                "type": "text",
                                "text": "I did a bit of the sprint 1 plan but it could be finalised tomorrow"
                            }
                        ]
                    }
                ]
            }
        ]
    },
    {
        "client_msg_id": "69902560-cd87-47b2-a6f4-7f79ec56e8d6",
        "type": "message",
        "text": "yeah doesn't seem like we will haha",
        "user": "U028Z0YMHDZ",
        "ts": "1628758533.001800",
        "team": "T029NF4AJG0",
        "user_team": "T029NF4AJG0",
        "source_team": "T029NF4AJG0",
        "user_profile": {
            "avatar_hash": "g6d65e276635",
            "image_72": "https:\/\/secure.gravatar.com\/avatar\/6d65e276635701955d4de4faffaf4616.jpg?s=72&d=https%3A%2F%2Fa.slack-edge.com%2Fdf10d%2Fimg%2Favatars%2Fava_0018-72.png",
            "first_name": "",
            "real_name": "Reylan Gill",
            "display_name": "Reylan Gill",
            "team": "T029NF4AJG0",
            "name": "s3285137",
            "is_restricted": false,
            "is_ultra_restricted": false
        },
        "blocks": [
            {
                "type": "rich_text",
                "block_id": "17V4",
                "elements": [
                    {
                        "type": "rich_text_section",
                        "elements": [
                            {
                                "type": "text",
                                "text": "yeah doesn't seem like we will haha"
                            }
                        ]
                    }
                ]
            }
        ]
    },
    {
        "client_msg_id": "3c72f697-d848-4838-a6fc-1306b0c6b6a8",
        "type": "message",
        "text": "so far i've barely started on wireframe but i should have it done tonight, not very complicated",
        "user": "U028Z0YMHDZ",
        "ts": "1628758557.002400",
        "team": "T029NF4AJG0",
        "user_team": "T029NF4AJG0",
        "source_team": "T029NF4AJG0",
        "user_profile": {
            "avatar_hash": "g6d65e276635",
            "image_72": "https:\/\/secure.gravatar.com\/avatar\/6d65e276635701955d4de4faffaf4616.jpg?s=72&d=https%3A%2F%2Fa.slack-edge.com%2Fdf10d%2Fimg%2Favatars%2Fava_0018-72.png",
            "first_name": "",
            "real_name": "Reylan Gill",
            "display_name": "Reylan Gill",
            "team": "T029NF4AJG0",
            "name": "s3285137",
            "is_restricted": false,
            "is_ultra_restricted": false
        },
        "blocks": [
            {
                "type": "rich_text",
                "block_id": "xkOli",
                "elements": [
                    {
                        "type": "rich_text_section",
                        "elements": [
                            {
                                "type": "text",
                                "text": "so far i've barely started on wireframe but i should have it done tonight, not very complicated"
                            }
                        ]
                    }
                ]
            }
        ],
        "reactions": [
            {
                "name": "raised_hands",
                "users": [
                    "U028Q0EAKRD"
                ],
                "count": 1
            }
        ]
    },
    {
        "client_msg_id": "a985afc6-79f8-4dc2-88bc-dd4ca8fb66d2",
        "type": "message",
        "text": "then tomorrow we can discuss and edit layout",
        "user": "U028Z0YMHDZ",
        "ts": "1628758591.002900",
        "team": "T029NF4AJG0",
        "user_team": "T029NF4AJG0",
        "source_team": "T029NF4AJG0",
        "user_profile": {
            "avatar_hash": "g6d65e276635",
            "image_72": "https:\/\/secure.gravatar.com\/avatar\/6d65e276635701955d4de4faffaf4616.jpg?s=72&d=https%3A%2F%2Fa.slack-edge.com%2Fdf10d%2Fimg%2Favatars%2Fava_0018-72.png",
            "first_name": "",
            "real_name": "Reylan Gill",
            "display_name": "Reylan Gill",
            "team": "T029NF4AJG0",
            "name": "s3285137",
            "is_restricted": false,
            "is_ultra_restricted": false
        },
        "blocks": [
            {
                "type": "rich_text",
                "block_id": "+vrv",
                "elements": [
                    {
                        "type": "rich_text_section",
                        "elements": [
                            {
                                "type": "text",
                                "text": "then tomorrow we can discuss and edit layout"
                            }
                        ]
                    }
                ]
            }
        ]
    },
    {
        "client_msg_id": "2d24d755-9c15-44ee-b022-27fb78db8ede",
        "type": "message",
        "text": "wowow thanks for doing that",
        "user": "U028YQ7RZMG",
        "ts": "1628758591.003000",
        "team": "T029NF4AJG0",
        "user_team": "T029NF4AJG0",
        "source_team": "T029NF4AJG0",
        "user_profile": {
            "avatar_hash": "gd135baa49ed",
            "image_72": "https:\/\/secure.gravatar.com\/avatar\/d135baa49ed036d1a79965baf65f544b.jpg?s=72&d=https%3A%2F%2Fa.slack-edge.com%2Fdf10d%2Fimg%2Favatars%2Fava_0020-72.png",
            "first_name": "Hugh",
            "real_name": "Hugh Phung",
            "display_name": "",
            "team": "T029NF4AJG0",
            "name": "s3842508",
            "is_restricted": false,
            "is_ultra_restricted": false
        },
        "blocks": [
            {
                "type": "rich_text",
                "block_id": "dPI",
                "elements": [
                    {
                        "type": "rich_text_section",
                        "elements": [
                            {
                                "type": "text",
                                "text": "wowow thanks for doing that"
                            }
                        ]
                    }
                ]
            }
        ]
    },
    {
        "client_msg_id": "7589a42a-02aa-42d0-b092-98829ed6bf5e",
        "type": "message",
        "text": "np lol. figma is pretty neat",
        "user": "U028Z0YMHDZ",
        "ts": "1628758610.003300",
        "team": "T029NF4AJG0",
        "user_team": "T029NF4AJG0",
        "source_team": "T029NF4AJG0",
        "user_profile": {
            "avatar_hash": "g6d65e276635",
            "image_72": "https:\/\/secure.gravatar.com\/avatar\/6d65e276635701955d4de4faffaf4616.jpg?s=72&d=https%3A%2F%2Fa.slack-edge.com%2Fdf10d%2Fimg%2Favatars%2Fava_0018-72.png",
            "first_name": "",
            "real_name": "Reylan Gill",
            "display_name": "Reylan Gill",
            "team": "T029NF4AJG0",
            "name": "s3285137",
            "is_restricted": false,
            "is_ultra_restricted": false
        },
        "blocks": [
            {
                "type": "rich_text",
                "block_id": "WLoQF",
                "elements": [
                    {
                        "type": "rich_text_section",
                        "elements": [
                            {
                                "type": "text",
                                "text": "np lol. figma is pretty neat"
                            }
                        ]
                    }
                ]
            }
        ]
    },
    {
        "client_msg_id": "bbf6589b-b1a3-45c1-9e6b-dabd61743444",
        "type": "message",
        "text": "ok took me longer than i thought and it's a god damn mess but we have something: <https:\/\/www.figma.com\/team_invite\/redeem\/8fODI88ajtFWFwBLVLXRIS> (link to join team as viewer, if you want i can give edit access but it's such a mess you probs don't wanna touch anything lmao)",
        "user": "U028Z0YMHDZ",
        "ts": "1628787519.004200",
        "team": "T029NF4AJG0",
        "user_team": "T029NF4AJG0",
        "source_team": "T029NF4AJG0",
        "user_profile": {
            "avatar_hash": "g6d65e276635",
            "image_72": "https:\/\/secure.gravatar.com\/avatar\/6d65e276635701955d4de4faffaf4616.jpg?s=72&d=https%3A%2F%2Fa.slack-edge.com%2Fdf10d%2Fimg%2Favatars%2Fava_0018-72.png",
            "first_name": "",
            "real_name": "Reylan Gill",
            "display_name": "Reylan Gill",
            "team": "T029NF4AJG0",
            "name": "s3285137",
            "is_restricted": false,
            "is_ultra_restricted": false
        },
        "blocks": [
            {
                "type": "rich_text",
                "block_id": "EZx",
                "elements": [
                    {
                        "type": "rich_text_section",
                        "elements": [
                            {
                                "type": "text",
                                "text": "ok took me longer than i thought and it's a god damn mess but we have something: "
                            },
                            {
                                "type": "link",
                                "url": "https:\/\/www.figma.com\/team_invite\/redeem\/8fODI88ajtFWFwBLVLXRIS"
                            },
                            {
                                "type": "text",
                                "text": " (link to join team as viewer, if you want i can give edit access but it's such a mess you probs don't wanna touch anything lmao)"
                            }
                        ]
                    }
                ]
            }
        ]
    },
    {
        "client_msg_id": "8701d4e8-07b7-45b4-84ae-5fa0157be913",
        "type": "message",
        "text": "and link to prototype if you just wanna look at that: <https:\/\/www.figma.com\/proto\/yQI8bloDm4klO0uAOj61Ey\/Wireframe?node-id=3%3A2&amp;scaling=[…]age-id=0%3A1&amp;starting-point-node-id=3%3A2&amp;show-proto-sidebar=0=|https:\/\/www.figma.com\/proto\/yQI8bloDm4klO0uAOj61Ey\/Wireframe?node-id=3%3A2&amp;scaling=[…]age-id=0%3A1&amp;starting-point-node-id=3%3A2&amp;show-proto-sidebar=0>",
        "user": "U028Z0YMHDZ",
        "ts": "1628787582.004600",
        "team": "T029NF4AJG0",
        "user_team": "T029NF4AJG0",
        "source_team": "T029NF4AJG0",
        "user_profile": {
            "avatar_hash": "g6d65e276635",
            "image_72": "https:\/\/secure.gravatar.com\/avatar\/6d65e276635701955d4de4faffaf4616.jpg?s=72&d=https%3A%2F%2Fa.slack-edge.com%2Fdf10d%2Fimg%2Favatars%2Fava_0018-72.png",
            "first_name": "",
            "real_name": "Reylan Gill",
            "display_name": "Reylan Gill",
            "team": "T029NF4AJG0",
            "name": "s3285137",
            "is_restricted": false,
            "is_ultra_restricted": false
        },
        "edited": {
            "user": "U028Z0YMHDZ",
            "ts": "1628787679.000000"
        },
        "blocks": [
            {
                "type": "rich_text",
                "block_id": "rB1",
                "elements": [
                    {
                        "type": "rich_text_section",
                        "elements": [
                            {
                                "type": "text",
                                "text": "and link to prototype if you just wanna look at that: "
                            },
                            {
                                "type": "link",
                                "url": "https:\/\/www.figma.com\/proto\/yQI8bloDm4klO0uAOj61Ey\/Wireframe?node-id=3%3A2&scaling=[…]age-id=0%3A1&starting-point-node-id=3%3A2&show-proto-sidebar=0=",
                                "text": "https:\/\/www.figma.com\/proto\/yQI8bloDm4klO0uAOj61Ey\/Wireframe?node-id=3%3A2&scaling=[…]age-id=0%3A1&starting-point-node-id=3%3A2&show-proto-sidebar=0"
                            }
                        ]
                    }
                ]
            }
        ]
    },
    {
        "client_msg_id": "208e3d8a-20c9-4286-810b-8f96603a1bba",
        "type": "message",
        "text": "Holy shit Reylan",
        "user": "U028YQ7RZMG",
        "ts": "1628813870.000300",
        "team": "T029NF4AJG0",
        "user_team": "T029NF4AJG0",
        "source_team": "T029NF4AJG0",
        "user_profile": {
            "avatar_hash": "gd135baa49ed",
            "image_72": "https:\/\/secure.gravatar.com\/avatar\/d135baa49ed036d1a79965baf65f544b.jpg?s=72&d=https%3A%2F%2Fa.slack-edge.com%2Fdf10d%2Fimg%2Favatars%2Fava_0020-72.png",
            "first_name": "Hugh",
            "real_name": "Hugh Phung",
            "display_name": "",
            "team": "T029NF4AJG0",
            "name": "s3842508",
            "is_restricted": false,
            "is_ultra_restricted": false
        },
        "blocks": [
            {
                "type": "rich_text",
                "block_id": "jWY",
                "elements": [
                    {
                        "type": "rich_text_section",
                        "elements": [
                            {
                                "type": "text",
                                "text": "Holy shit Reylan"
                            }
                        ]
                    }
                ]
            }
        ]
    },
    {
        "client_msg_id": "f283c768-a491-4a25-9d9a-b3d239a5ca30",
        "type": "message",
        "text": "TAKE IT EAASY",
        "user": "U028YQ7RZMG",
        "ts": "1628813874.000500",
        "team": "T029NF4AJG0",
        "user_team": "T029NF4AJG0",
        "source_team": "T029NF4AJG0",
        "user_profile": {
            "avatar_hash": "gd135baa49ed",
            "image_72": "https:\/\/secure.gravatar.com\/avatar\/d135baa49ed036d1a79965baf65f544b.jpg?s=72&d=https%3A%2F%2Fa.slack-edge.com%2Fdf10d%2Fimg%2Favatars%2Fava_0020-72.png",
            "first_name": "Hugh",
            "real_name": "Hugh Phung",
            "display_name": "",
            "team": "T029NF4AJG0",
            "name": "s3842508",
            "is_restricted": false,
            "is_ultra_restricted": false
        },
        "blocks": [
            {
                "type": "rich_text",
                "block_id": "2TA",
                "elements": [
                    {
                        "type": "rich_text_section",
                        "elements": [
                            {
                                "type": "text",
                                "text": "TAKE IT EAASY"
                            }
                        ]
                    }
                ]
            }
        ]
    },
    {
        "client_msg_id": "69b5449a-596c-4589-9fd3-822dfdc818d1",
        "type": "message",
        "text": ":sweat_smile:",
        "user": "U028YQ7RZMG",
        "ts": "1628813930.000900",
        "team": "T029NF4AJG0",
        "user_team": "T029NF4AJG0",
        "source_team": "T029NF4AJG0",
        "user_profile": {
            "avatar_hash": "gd135baa49ed",
            "image_72": "https:\/\/secure.gravatar.com\/avatar\/d135baa49ed036d1a79965baf65f544b.jpg?s=72&d=https%3A%2F%2Fa.slack-edge.com%2Fdf10d%2Fimg%2Favatars%2Fava_0020-72.png",
            "first_name": "Hugh",
            "real_name": "Hugh Phung",
            "display_name": "",
            "team": "T029NF4AJG0",
            "name": "s3842508",
            "is_restricted": false,
            "is_ultra_restricted": false
        },
        "blocks": [
            {
                "type": "rich_text",
                "block_id": "K3tig",
                "elements": [
                    {
                        "type": "rich_text_section",
                        "elements": [
                            {
                                "type": "emoji",
                                "name": "sweat_smile"
                            }
                        ]
                    }
                ]
            }
        ]
    },
    {
        "client_msg_id": "181ae3b9-ccec-48bc-a74a-e16a2281c006",
        "type": "message",
        "text": "Well thanks for getting that up and running",
        "user": "U028YQ7RZMG",
        "ts": "1628813951.001200",
        "team": "T029NF4AJG0",
        "user_team": "T029NF4AJG0",
        "source_team": "T029NF4AJG0",
        "user_profile": {
            "avatar_hash": "gd135baa49ed",
            "image_72": "https:\/\/secure.gravatar.com\/avatar\/d135baa49ed036d1a79965baf65f544b.jpg?s=72&d=https%3A%2F%2Fa.slack-edge.com%2Fdf10d%2Fimg%2Favatars%2Fava_0020-72.png",
            "first_name": "Hugh",
            "real_name": "Hugh Phung",
            "display_name": "",
            "team": "T029NF4AJG0",
            "name": "s3842508",
            "is_restricted": false,
            "is_ultra_restricted": false
        },
        "blocks": [
            {
                "type": "rich_text",
                "block_id": "Ozjn",
                "elements": [
                    {
                        "type": "rich_text_section",
                        "elements": [
                            {
                                "type": "text",
                                "text": "Well thanks for getting that up and running"
                            }
                        ]
                    }
                ]
            }
        ]
    },
    {
        "client_msg_id": "8b209637-3434-469e-9260-a80d75a66db0",
        "type": "message",
        "text": "What a beauty!",
        "user": "U028Q0EAKRD",
        "ts": "1628814746.001500",
        "team": "T029NF4AJG0",
        "user_team": "T029NF4AJG0",
        "source_team": "T029NF4AJG0",
        "user_profile": {
            "avatar_hash": "ge091c44c094",
            "image_72": "https:\/\/secure.gravatar.com\/avatar\/e091c44c0941811754163c289480d69a.jpg?s=72&d=https%3A%2F%2Fa.slack-edge.com%2Fdf10d%2Fimg%2Favatars%2Fava_0007-72.png",
            "first_name": "",
            "real_name": "Fraser Green",
            "display_name": "Fraser Green",
            "team": "T029NF4AJG0",
            "name": "s3787186",
            "is_restricted": false,
            "is_ultra_restricted": false
        },
        "blocks": [
            {
                "type": "rich_text",
                "block_id": "K6qh",
                "elements": [
                    {
                        "type": "rich_text_section",
                        "elements": [
                            {
                                "type": "text",
                                "text": "What a beauty!"
                            }
                        ]
                    }
                ]
            }
        ]
    },
    {
        "client_msg_id": "22ae0585-2adc-44e4-bf47-cc9cf9753df3",
        "type": "message",
        "text": "did they end up giving us a team github repo or do we have to make it ourself?",
        "user": "U028Q0EAKRD",
        "ts": "1628814865.002100",
        "team": "T029NF4AJG0",
        "user_team": "T029NF4AJG0",
        "source_team": "T029NF4AJG0",
        "user_profile": {
            "avatar_hash": "ge091c44c094",
            "image_72": "https:\/\/secure.gravatar.com\/avatar\/e091c44c0941811754163c289480d69a.jpg?s=72&d=https%3A%2F%2Fa.slack-edge.com%2Fdf10d%2Fimg%2Favatars%2Fava_0007-72.png",
            "first_name": "",
            "real_name": "Fraser Green",
            "display_name": "Fraser Green",
            "team": "T029NF4AJG0",
            "name": "s3787186",
            "is_restricted": false,
            "is_ultra_restricted": false
        },
        "blocks": [
            {
                "type": "rich_text",
                "block_id": "kN2",
                "elements": [
                    {
                        "type": "rich_text_section",
                        "elements": [
                            {
                                "type": "text",
                                "text": "did they end up giving us a team github repo or do we have to make it ourself?"
                            }
                        ]
                    }
                ]
            }
        ]
    },
    {
        "client_msg_id": "ed1b8363-2a29-4d0f-8017-39a2902bf7eb",
        "type": "message",
        "text": "I haven't treceive any team github invitations",
        "user": "U028YQ7RZMG",
        "ts": "1628815944.002800",
        "team": "T029NF4AJG0",
        "user_team": "T029NF4AJG0",
        "source_team": "T029NF4AJG0",
        "user_profile": {
            "avatar_hash": "gd135baa49ed",
            "image_72": "https:\/\/secure.gravatar.com\/avatar\/d135baa49ed036d1a79965baf65f544b.jpg?s=72&d=https%3A%2F%2Fa.slack-edge.com%2Fdf10d%2Fimg%2Favatars%2Fava_0020-72.png",
            "first_name": "Hugh",
            "real_name": "Hugh Phung",
            "display_name": "",
            "team": "T029NF4AJG0",
            "name": "s3842508",
            "is_restricted": false,
            "is_ultra_restricted": false
        },
        "blocks": [
            {
                "type": "rich_text",
                "block_id": "Knj",
                "elements": [
                    {
                        "type": "rich_text_section",
                        "elements": [
                            {
                                "type": "text",
                                "text": "I haven't treceive any team github invitations"
                            }
                        ]
                    }
                ]
            }
        ]
    },
    {
        "client_msg_id": "c58e336c-ae28-4c69-9969-33f124090eea",
        "type": "message",
        "text": "<https:\/\/github.com\/FraserGreen\/SEPT-Team-6>",
        "user": "U028Q0EAKRD",
        "ts": "1628817707.003600",
        "team": "T029NF4AJG0",
        "user_team": "T029NF4AJG0",
        "source_team": "T029NF4AJG0",
        "user_profile": {
            "avatar_hash": "ge091c44c094",
            "image_72": "https:\/\/secure.gravatar.com\/avatar\/e091c44c0941811754163c289480d69a.jpg?s=72&d=https%3A%2F%2Fa.slack-edge.com%2Fdf10d%2Fimg%2Favatars%2Fava_0007-72.png",
            "first_name": "",
            "real_name": "Fraser Green",
            "display_name": "Fraser Green",
            "team": "T029NF4AJG0",
            "name": "s3787186",
            "is_restricted": false,
            "is_ultra_restricted": false
        },
        "attachments": [
            {
                "service_name": "GitHub",
                "title": "GitHub - FraserGreen\/SEPT-Team-6: SEPT-Team-6's repository for the group assignment",
                "title_link": "https:\/\/github.com\/FraserGreen\/SEPT-Team-6",
                "text": "SEPT-Team-6's repository for the group assignment. Contribute to FraserGreen\/SEPT-Team-6 development by creating an account on GitHub.",
                "fallback": "GitHub: GitHub - FraserGreen\/SEPT-Team-6: SEPT-Team-6's repository for the group assignment",
                "image_url": "https:\/\/opengraph.githubassets.com\/b6d6dd93bbf36d33e1b763e708ef97f1237f5133b35f9ef647460efc7b2c2cb7\/FraserGreen\/SEPT-Team-6",
                "image_width": 500,
                "image_height": 250,
                "from_url": "https:\/\/github.com\/FraserGreen\/SEPT-Team-6",
                "image_bytes": 45806,
                "service_icon": "https:\/\/a.slack-edge.com\/80588\/img\/unfurl_icons\/github.png",
                "id": 1,
                "original_url": "https:\/\/github.com\/FraserGreen\/SEPT-Team-6"
            }
        ],
        "blocks": [
            {
                "type": "rich_text",
                "block_id": "9h6",
                "elements": [
                    {
                        "type": "rich_text_section",
                        "elements": [
                            {
                                "type": "link",
                                "url": "https:\/\/github.com\/FraserGreen\/SEPT-Team-6"
                            }
                        ]
                    }
                ]
            }
        ]
    },
    {
        "client_msg_id": "f9d03785-e7b0-4f68-b4e4-10ed447dd59d",
        "type": "message",
        "text": "so if you want edit access you can have but if you're happy with the layout then i can just continue on it",
        "user": "U028Z0YMHDZ",
        "ts": "1628818391.004600",
        "team": "T029NF4AJG0",
        "user_team": "T029NF4AJG0",
        "source_team": "T029NF4AJG0",
        "user_profile": {
            "avatar_hash": "g6d65e276635",
            "image_72": "https:\/\/secure.gravatar.com\/avatar\/6d65e276635701955d4de4faffaf4616.jpg?s=72&d=https%3A%2F%2Fa.slack-edge.com%2Fdf10d%2Fimg%2Favatars%2Fava_0018-72.png",
            "first_name": "",
            "real_name": "Reylan Gill",
            "display_name": "Reylan Gill",
            "team": "T029NF4AJG0",
            "name": "s3285137",
            "is_restricted": false,
            "is_ultra_restricted": false
        },
        "blocks": [
            {
                "type": "rich_text",
                "block_id": "HJBl6",
                "elements": [
                    {
                        "type": "rich_text_section",
                        "elements": [
                            {
                                "type": "text",
                                "text": "so if you want edit access you can have but if you're happy with the layout then i can just continue on it"
                            }
                        ]
                    }
                ]
            }
        ]
    },
    {
        "client_msg_id": "1e46f500-fa10-4e7a-b565-8bc95bac8404",
        "type": "message",
        "text": "can you guys put comments on as viewers?",
        "user": "U028Z0YMHDZ",
        "ts": "1628818408.004900",
        "team": "T029NF4AJG0",
        "user_team": "T029NF4AJG0",
        "source_team": "T029NF4AJG0",
        "user_profile": {
            "avatar_hash": "g6d65e276635",
            "image_72": "https:\/\/secure.gravatar.com\/avatar\/6d65e276635701955d4de4faffaf4616.jpg?s=72&d=https%3A%2F%2Fa.slack-edge.com%2Fdf10d%2Fimg%2Favatars%2Fava_0018-72.png",
            "first_name": "",
            "real_name": "Reylan Gill",
            "display_name": "Reylan Gill",
            "team": "T029NF4AJG0",
            "name": "s3285137",
            "is_restricted": false,
            "is_ultra_restricted": false
        },
        "blocks": [
            {
                "type": "rich_text",
                "block_id": "Lyf",
                "elements": [
                    {
                        "type": "rich_text_section",
                        "elements": [
                            {
                                "type": "text",
                                "text": "can you guys put comments on as viewers?"
                            }
                        ]
                    }
                ]
            }
        ]
    },
    {
        "client_msg_id": "eafcc361-7172-480d-840e-fa40d6d4a950",
        "type": "message",
        "text": "We can put comments",
        "user": "U028YQ7RZMG",
        "ts": "1628818449.005200",
        "team": "T029NF4AJG0",
        "user_team": "T029NF4AJG0",
        "source_team": "T029NF4AJG0",
        "user_profile": {
            "avatar_hash": "gd135baa49ed",
            "image_72": "https:\/\/secure.gravatar.com\/avatar\/d135baa49ed036d1a79965baf65f544b.jpg?s=72&d=https%3A%2F%2Fa.slack-edge.com%2Fdf10d%2Fimg%2Favatars%2Fava_0020-72.png",
            "first_name": "Hugh",
            "real_name": "Hugh Phung",
            "display_name": "",
            "team": "T029NF4AJG0",
            "name": "s3842508",
            "is_restricted": false,
            "is_ultra_restricted": false
        },
        "blocks": [
            {
                "type": "rich_text",
                "block_id": "TyS",
                "elements": [
                    {
                        "type": "rich_text_section",
                        "elements": [
                            {
                                "type": "text",
                                "text": "We can put comments"
                            }
                        ]
                    }
                ]
            }
        ],
        "reactions": [
            {
                "name": "+1",
                "users": [
                    "U028Z0YMHDZ"
                ],
                "count": 1
            }
        ]
    },
    {
        "client_msg_id": "16684ae2-67c0-4ee8-86a6-7c82698b27f6",
        "type": "message",
        "text": "put any suggestions in",
        "user": "U028Z0YMHDZ",
        "ts": "1628818475.005900",
        "team": "T029NF4AJG0",
        "user_team": "T029NF4AJG0",
        "source_team": "T029NF4AJG0",
        "user_profile": {
            "avatar_hash": "g6d65e276635",
            "image_72": "https:\/\/secure.gravatar.com\/avatar\/6d65e276635701955d4de4faffaf4616.jpg?s=72&d=https%3A%2F%2Fa.slack-edge.com%2Fdf10d%2Fimg%2Favatars%2Fava_0018-72.png",
            "first_name": "",
            "real_name": "Reylan Gill",
            "display_name": "Reylan Gill",
            "team": "T029NF4AJG0",
            "name": "s3285137",
            "is_restricted": false,
            "is_ultra_restricted": false
        },
        "blocks": [
            {
                "type": "rich_text",
                "block_id": "wUOA",
                "elements": [
                    {
                        "type": "rich_text_section",
                        "elements": [
                            {
                                "type": "text",
                                "text": "put any suggestions in"
                            }
                        ]
                    }
                ]
            }
        ]
    },
    {
        "client_msg_id": "4680da05-0179-4ec2-8e73-8da5a2dbffc9",
        "type": "message",
        "text": "Do you WANTT to continue the wireframes?",
        "user": "U028YQ7RZMG",
        "ts": "1628818480.006200",
        "team": "T029NF4AJG0",
        "user_team": "T029NF4AJG0",
        "source_team": "T029NF4AJG0",
        "user_profile": {
            "avatar_hash": "gd135baa49ed",
            "image_72": "https:\/\/secure.gravatar.com\/avatar\/d135baa49ed036d1a79965baf65f544b.jpg?s=72&d=https%3A%2F%2Fa.slack-edge.com%2Fdf10d%2Fimg%2Favatars%2Fava_0020-72.png",
            "first_name": "Hugh",
            "real_name": "Hugh Phung",
            "display_name": "",
            "team": "T029NF4AJG0",
            "name": "s3842508",
            "is_restricted": false,
            "is_ultra_restricted": false
        },
        "blocks": [
            {
                "type": "rich_text",
                "block_id": "DjD",
                "elements": [
                    {
                        "type": "rich_text_section",
                        "elements": [
                            {
                                "type": "text",
                                "text": "Do you WANTT to continue the wireframes?"
                            }
                        ]
                    }
                ]
            }
        ]
    },
    {
        "client_msg_id": "b040b02f-72f4-4dbc-a3a3-1f1e32843379",
        "type": "message",
        "text": "yeah i'm happy to finish it off",
        "user": "U028Z0YMHDZ",
        "ts": "1628818489.006400",
        "team": "T029NF4AJG0",
        "user_team": "T029NF4AJG0",
        "source_team": "T029NF4AJG0",
        "user_profile": {
            "avatar_hash": "g6d65e276635",
            "image_72": "https:\/\/secure.gravatar.com\/avatar\/6d65e276635701955d4de4faffaf4616.jpg?s=72&d=https%3A%2F%2Fa.slack-edge.com%2Fdf10d%2Fimg%2Favatars%2Fava_0018-72.png",
            "first_name": "",
            "real_name": "Reylan Gill",
            "display_name": "Reylan Gill",
            "team": "T029NF4AJG0",
            "name": "s3285137",
            "is_restricted": false,
            "is_ultra_restricted": false
        },
        "blocks": [
            {
                "type": "rich_text",
                "block_id": "rT+",
                "elements": [
                    {
                        "type": "rich_text_section",
                        "elements": [
                            {
                                "type": "text",
                                "text": "yeah i'm happy to finish it off"
                            }
                        ]
                    }
                ]
            }
        ]
    },
    {
        "client_msg_id": "e0c616c5-09d9-4409-9729-bdfaf9e3c7fe",
        "type": "message",
        "text": "not too much left to do",
        "user": "U028Z0YMHDZ",
        "ts": "1628818494.006600",
        "team": "T029NF4AJG0",
        "user_team": "T029NF4AJG0",
        "source_team": "T029NF4AJG0",
        "user_profile": {
            "avatar_hash": "g6d65e276635",
            "image_72": "https:\/\/secure.gravatar.com\/avatar\/6d65e276635701955d4de4faffaf4616.jpg?s=72&d=https%3A%2F%2Fa.slack-edge.com%2Fdf10d%2Fimg%2Favatars%2Fava_0018-72.png",
            "first_name": "",
            "real_name": "Reylan Gill",
            "display_name": "Reylan Gill",
            "team": "T029NF4AJG0",
            "name": "s3285137",
            "is_restricted": false,
            "is_ultra_restricted": false
        },
        "blocks": [
            {
                "type": "rich_text",
                "block_id": "6iqBt",
                "elements": [
                    {
                        "type": "rich_text_section",
                        "elements": [
                            {
                                "type": "text",
                                "text": "not too much left to do"
                            }
                        ]
                    }
                ]
            }
        ]
    },
    {
        "client_msg_id": "8e6973de-b681-408f-a5f7-73f1ce723db0",
        "type": "message",
        "text": "unless someone else wants to learn figma too (it's not complicated, it's actually nicer than invision imo)",
        "user": "U028Z0YMHDZ",
        "ts": "1628818516.007400",
        "team": "T029NF4AJG0",
        "user_team": "T029NF4AJG0",
        "source_team": "T029NF4AJG0",
        "user_profile": {
            "avatar_hash": "g6d65e276635",
            "image_72": "https:\/\/secure.gravatar.com\/avatar\/6d65e276635701955d4de4faffaf4616.jpg?s=72&d=https%3A%2F%2Fa.slack-edge.com%2Fdf10d%2Fimg%2Favatars%2Fava_0018-72.png",
            "first_name": "",
            "real_name": "Reylan Gill",
            "display_name": "Reylan Gill",
            "team": "T029NF4AJG0",
            "name": "s3285137",
            "is_restricted": false,
            "is_ultra_restricted": false
        },
        "blocks": [
            {
                "type": "rich_text",
                "block_id": "bclt4",
                "elements": [
                    {
                        "type": "rich_text_section",
                        "elements": [
                            {
                                "type": "text",
                                "text": "unless someone else wants to learn figma too (it's not complicated, it's actually nicer than invision imo)"
                            }
                        ]
                    }
                ]
            }
        ]
    },
    {
        "client_msg_id": "e4f6b7ba-ac8f-4e16-ab0b-d3e1bf2c3199",
        "type": "message",
        "text": "Ok cause you've done a good job here and outside interference might break it",
        "user": "U028YQ7RZMG",
        "ts": "1628818516.007500",
        "team": "T029NF4AJG0",
        "user_team": "T029NF4AJG0",
        "source_team": "T029NF4AJG0",
        "user_profile": {
            "avatar_hash": "gd135baa49ed",
            "image_72": "https:\/\/secure.gravatar.com\/avatar\/d135baa49ed036d1a79965baf65f544b.jpg?s=72&d=https%3A%2F%2Fa.slack-edge.com%2Fdf10d%2Fimg%2Favatars%2Fava_0020-72.png",
            "first_name": "Hugh",
            "real_name": "Hugh Phung",
            "display_name": "",
            "team": "T029NF4AJG0",
            "name": "s3842508",
            "is_restricted": false,
            "is_ultra_restricted": false
        },
        "blocks": [
            {
                "type": "rich_text",
                "block_id": "yki0X",
                "elements": [
                    {
                        "type": "rich_text_section",
                        "elements": [
                            {
                                "type": "text",
                                "text": "Ok cause you've done a good job here and outside interference might break it"
                            }
                        ]
                    }
                ]
            }
        ]
    },
    {
        "client_msg_id": "7d36812a-343a-4fbb-9819-a9dac66488c1",
        "type": "message",
        "text": "ok cool",
        "user": "U028Z0YMHDZ",
        "ts": "1628818534.007700",
        "team": "T029NF4AJG0",
        "user_team": "T029NF4AJG0",
        "source_team": "T029NF4AJG0",
        "user_profile": {
            "avatar_hash": "g6d65e276635",
            "image_72": "https:\/\/secure.gravatar.com\/avatar\/6d65e276635701955d4de4faffaf4616.jpg?s=72&d=https%3A%2F%2Fa.slack-edge.com%2Fdf10d%2Fimg%2Favatars%2Fava_0018-72.png",
            "first_name": "",
            "real_name": "Reylan Gill",
            "display_name": "Reylan Gill",
            "team": "T029NF4AJG0",
            "name": "s3285137",
            "is_restricted": false,
            "is_ultra_restricted": false
        },
        "blocks": [
            {
                "type": "rich_text",
                "block_id": "GnAi",
                "elements": [
                    {
                        "type": "rich_text_section",
                        "elements": [
                            {
                                "type": "text",
                                "text": "ok cool"
                            }
                        ]
                    }
                ]
            }
        ]
    },
    {
        "client_msg_id": "8e75cd65-ed92-4b74-b71e-09a0675aa2e1",
        "type": "message",
        "text": "<https:\/\/www.scrumpoker.online\/join\/482487?token=fc860bfc9b6e6007ff9a6e032791d2>",
        "user": "U028YQ7RZMG",
        "ts": "1628819408.007900",
        "team": "T029NF4AJG0",
        "user_team": "T029NF4AJG0",
        "source_team": "T029NF4AJG0",
        "user_profile": {
            "avatar_hash": "gd135baa49ed",
            "image_72": "https:\/\/secure.gravatar.com\/avatar\/d135baa49ed036d1a79965baf65f544b.jpg?s=72&d=https%3A%2F%2Fa.slack-edge.com%2Fdf10d%2Fimg%2Favatars%2Fava_0020-72.png",
            "first_name": "Hugh",
            "real_name": "Hugh Phung",
            "display_name": "",
            "team": "T029NF4AJG0",
            "name": "s3842508",
            "is_restricted": false,
            "is_ultra_restricted": false
        },
        "attachments": [
            {
                "title": "Scrumpoker Online",
                "title_link": "https:\/\/www.scrumpoker.online\/join\/482487?token=fc860bfc9b6e6007ff9a6e032791d2",
                "text": "Scrumpoker online is an open source web implementation of planning poker for scrum teams to determine the complexity of stories. It aims to integrate ticketing systems like Redmine, Github and Gitlab.",
                "fallback": "Scrumpoker Online",
                "from_url": "https:\/\/www.scrumpoker.online\/join\/482487?token=fc860bfc9b6e6007ff9a6e032791d2",
                "service_icon": "https:\/\/www.scrumpoker.online\/apple-touch-icon.png",
                "service_name": "scrumpoker.online",
                "id": 1,
                "original_url": "https:\/\/www.scrumpoker.online\/join\/482487?token=fc860bfc9b6e6007ff9a6e032791d2"
            }
        ],
        "blocks": [
            {
                "type": "rich_text",
                "block_id": "BgU",
                "elements": [
                    {
                        "type": "rich_text_section",
                        "elements": [
                            {
                                "type": "link",
                                "url": "https:\/\/www.scrumpoker.online\/join\/482487?token=fc860bfc9b6e6007ff9a6e032791d2"
                            }
                        ]
                    }
                ]
            }
        ]
    },
    {
        "client_msg_id": "e5ab4599-f68c-4501-9c24-7fdbb173b784",
        "type": "message",
        "text": "<http:\/\/lucidchart.com|lucidchart.com>",
        "user": "U028Z0YMHDZ",
        "ts": "1628821450.008200",
        "team": "T029NF4AJG0",
        "user_team": "T029NF4AJG0",
        "source_team": "T029NF4AJG0",
        "user_profile": {
            "avatar_hash": "g6d65e276635",
            "image_72": "https:\/\/secure.gravatar.com\/avatar\/6d65e276635701955d4de4faffaf4616.jpg?s=72&d=https%3A%2F%2Fa.slack-edge.com%2Fdf10d%2Fimg%2Favatars%2Fava_0018-72.png",
            "first_name": "",
            "real_name": "Reylan Gill",
            "display_name": "Reylan Gill",
            "team": "T029NF4AJG0",
            "name": "s3285137",
            "is_restricted": false,
            "is_ultra_restricted": false
        },
        "blocks": [
            {
                "type": "rich_text",
                "block_id": "kcQ8",
                "elements": [
                    {
                        "type": "rich_text_section",
                        "elements": [
                            {
                                "type": "link",
                                "url": "http:\/\/lucidchart.com",
                                "text": "lucidchart.com"
                            }
                        ]
                    }
                ]
            }
        ]
    },
    {
        "client_msg_id": "1c65d800-4cf3-405d-8bcc-670b6cf2e578",
        "type": "message",
        "text": "<http:\/\/shatterlion.info\/wp-content\/uploads\/2018\/01\/test-plan-template-excel-screentestcases.jpg|shatterlion.info\/wp-content\/uploads\/2018\/01\/test-plan-template-excel-screentestcases.jpg>",
        "user": "U028Z0YMHDZ",
        "ts": "1628821772.008400",
        "team": "T029NF4AJG0",
        "user_team": "T029NF4AJG0",
        "source_team": "T029NF4AJG0",
        "user_profile": {
            "avatar_hash": "g6d65e276635",
            "image_72": "https:\/\/secure.gravatar.com\/avatar\/6d65e276635701955d4de4faffaf4616.jpg?s=72&d=https%3A%2F%2Fa.slack-edge.com%2Fdf10d%2Fimg%2Favatars%2Fava_0018-72.png",
            "first_name": "",
            "real_name": "Reylan Gill",
            "display_name": "Reylan Gill",
            "team": "T029NF4AJG0",
            "name": "s3285137",
            "is_restricted": false,
            "is_ultra_restricted": false
        },
        "blocks": [
            {
                "type": "rich_text",
                "block_id": "D8D2k",
                "elements": [
                    {
                        "type": "rich_text_section",
                        "elements": [
                            {
                                "type": "link",
                                "url": "http:\/\/shatterlion.info\/wp-content\/uploads\/2018\/01\/test-plan-template-excel-screentestcases.jpg",
                                "text": "shatterlion.info\/wp-content\/uploads\/2018\/01\/test-plan-template-excel-screentestcases.jpg"
                            }
                        ]
                    }
                ]
            }
        ]
    }
]