[
    {
        "client_msg_id": "822a53c2-d9ac-4104-b85a-4e4c744df9eb",
        "type": "message",
        "text": "so... i just read the two articles ^ and they talk about a single DoD for all user stories LUL",
        "user": "U028Z0YMHDZ",
        "ts": "1628238644.005800",
        "team": "T029NF4AJG0",
        "user_team": "T029NF4AJG0",
        "source_team": "T029NF4AJG0",
        "user_profile": {
            "avatar_hash": "g6d65e276635",
            "image_72": "https:\/\/secure.gravatar.com\/avatar\/6d65e276635701955d4de4faffaf4616.jpg?s=72&d=https%3A%2F%2Fa.slack-edge.com%2Fdf10d%2Fimg%2Favatars%2Fava_0018-72.png",
            "first_name": "",
            "real_name": "Reylan Gill",
            "display_name": "Reylan Gill",
            "team": "T029NF4AJG0",
            "name": "s3285137",
            "is_restricted": false,
            "is_ultra_restricted": false
        },
        "blocks": [
            {
                "type": "rich_text",
                "block_id": "YziCB",
                "elements": [
                    {
                        "type": "rich_text_section",
                        "elements": [
                            {
                                "type": "text",
                                "text": "so... i just read the two articles ^ and they talk about a single DoD for all user stories LUL"
                            }
                        ]
                    }
                ]
            }
        ]
    },
    {
        "client_msg_id": "3073b2e5-d62c-48d6-94d5-f44b12fa41e2",
        "type": "message",
        "text": "yep, definitely a organisation\/team specific preference",
        "user": "U028Z0YMHDZ",
        "ts": "1628238664.006200",
        "team": "T029NF4AJG0",
        "user_team": "T029NF4AJG0",
        "source_team": "T029NF4AJG0",
        "user_profile": {
            "avatar_hash": "g6d65e276635",
            "image_72": "https:\/\/secure.gravatar.com\/avatar\/6d65e276635701955d4de4faffaf4616.jpg?s=72&d=https%3A%2F%2Fa.slack-edge.com%2Fdf10d%2Fimg%2Favatars%2Fava_0018-72.png",
            "first_name": "",
            "real_name": "Reylan Gill",
            "display_name": "Reylan Gill",
            "team": "T029NF4AJG0",
            "name": "s3285137",
            "is_restricted": false,
            "is_ultra_restricted": false
        },
        "blocks": [
            {
                "type": "rich_text",
                "block_id": "M2Oo",
                "elements": [
                    {
                        "type": "rich_text_section",
                        "elements": [
                            {
                                "type": "text",
                                "text": "yep, definitely a organisation\/team specific preference"
                            }
                        ]
                    }
                ]
            }
        ]
    },
    {
        "client_msg_id": "ddba98cc-393a-4228-b7c1-36f8b479ed09",
        "type": "message",
        "text": "does explain what acceptance criteria is meant to be though so that's helpful",
        "user": "U028Z0YMHDZ",
        "ts": "1628238728.006700",
        "team": "T029NF4AJG0",
        "user_team": "T029NF4AJG0",
        "source_team": "T029NF4AJG0",
        "user_profile": {
            "avatar_hash": "g6d65e276635",
            "image_72": "https:\/\/secure.gravatar.com\/avatar\/6d65e276635701955d4de4faffaf4616.jpg?s=72&d=https%3A%2F%2Fa.slack-edge.com%2Fdf10d%2Fimg%2Favatars%2Fava_0018-72.png",
            "first_name": "",
            "real_name": "Reylan Gill",
            "display_name": "Reylan Gill",
            "team": "T029NF4AJG0",
            "name": "s3285137",
            "is_restricted": false,
            "is_ultra_restricted": false
        },
        "blocks": [
            {
                "type": "rich_text",
                "block_id": "J=Tr",
                "elements": [
                    {
                        "type": "rich_text_section",
                        "elements": [
                            {
                                "type": "text",
                                "text": "does explain what acceptance criteria is meant to be though so that's helpful"
                            }
                        ]
                    }
                ]
            }
        ]
    }
]