[
    {
        "client_msg_id": "c8a2fb99-7bdc-487b-a1a2-4ab51d993029",
        "type": "message",
        "text": "<@U028Q0EAKRD> Thanks for adding the user stories to Jira",
        "user": "U028YQ7RZMG",
        "ts": "1628209120.000300",
        "team": "T029NF4AJG0",
        "user_team": "T029NF4AJG0",
        "source_team": "T029NF4AJG0",
        "user_profile": {
            "avatar_hash": "gd135baa49ed",
            "image_72": "https:\/\/secure.gravatar.com\/avatar\/d135baa49ed036d1a79965baf65f544b.jpg?s=72&d=https%3A%2F%2Fa.slack-edge.com%2Fdf10d%2Fimg%2Favatars%2Fava_0020-72.png",
            "first_name": "Hugh",
            "real_name": "Hugh Phung",
            "display_name": "",
            "team": "T029NF4AJG0",
            "name": "s3842508",
            "is_restricted": false,
            "is_ultra_restricted": false
        },
        "blocks": [
            {
                "type": "rich_text",
                "block_id": "NnM1",
                "elements": [
                    {
                        "type": "rich_text_section",
                        "elements": [
                            {
                                "type": "user",
                                "user_id": "U028Q0EAKRD"
                            },
                            {
                                "type": "text",
                                "text": " Thanks for adding the user stories to Jira"
                            }
                        ]
                    }
                ]
            }
        ]
    },
    {
        "client_msg_id": "99960b35-90a4-4ec1-971f-dec70d625cd9",
        "type": "message",
        "text": "all good",
        "user": "U028Q0EAKRD",
        "ts": "1628209265.000500",
        "team": "T029NF4AJG0",
        "user_team": "T029NF4AJG0",
        "source_team": "T029NF4AJG0",
        "user_profile": {
            "avatar_hash": "ge091c44c094",
            "image_72": "https:\/\/secure.gravatar.com\/avatar\/e091c44c0941811754163c289480d69a.jpg?s=72&d=https%3A%2F%2Fa.slack-edge.com%2Fdf10d%2Fimg%2Favatars%2Fava_0007-72.png",
            "first_name": "",
            "real_name": "Fraser Green",
            "display_name": "Fraser Green",
            "team": "T029NF4AJG0",
            "name": "s3787186",
            "is_restricted": false,
            "is_ultra_restricted": false
        },
        "blocks": [
            {
                "type": "rich_text",
                "block_id": "zYhZ",
                "elements": [
                    {
                        "type": "rich_text_section",
                        "elements": [
                            {
                                "type": "text",
                                "text": "all good"
                            }
                        ]
                    }
                ]
            }
        ]
    },
    {
        "client_msg_id": "0fd80a94-35ea-44d7-bb59-b6e818c61613",
        "type": "message",
        "text": "my bad, slept in lol... joining now",
        "user": "U028Z0YMHDZ",
        "ts": "1628211923.000800",
        "team": "T029NF4AJG0",
        "user_team": "T029NF4AJG0",
        "source_team": "T029NF4AJG0",
        "user_profile": {
            "avatar_hash": "g6d65e276635",
            "image_72": "https:\/\/secure.gravatar.com\/avatar\/6d65e276635701955d4de4faffaf4616.jpg?s=72&d=https%3A%2F%2Fa.slack-edge.com%2Fdf10d%2Fimg%2Favatars%2Fava_0018-72.png",
            "first_name": "",
            "real_name": "Reylan Gill",
            "display_name": "Reylan Gill",
            "team": "T029NF4AJG0",
            "name": "s3285137",
            "is_restricted": false,
            "is_ultra_restricted": false
        },
        "blocks": [
            {
                "type": "rich_text",
                "block_id": "qivIi",
                "elements": [
                    {
                        "type": "rich_text_section",
                        "elements": [
                            {
                                "type": "text",
                                "text": "my bad, slept in lol... joining now"
                            }
                        ]
                    }
                ]
            }
        ]
    },
    {
        "client_msg_id": "56ab27a9-075b-4b09-a388-d9bee3158a61",
        "type": "message",
        "text": "No worries",
        "user": "U028YQ7RZMG",
        "ts": "1628211932.001000",
        "team": "T029NF4AJG0",
        "user_team": "T029NF4AJG0",
        "source_team": "T029NF4AJG0",
        "user_profile": {
            "avatar_hash": "gd135baa49ed",
            "image_72": "https:\/\/secure.gravatar.com\/avatar\/d135baa49ed036d1a79965baf65f544b.jpg?s=72&d=https%3A%2F%2Fa.slack-edge.com%2Fdf10d%2Fimg%2Favatars%2Fava_0020-72.png",
            "first_name": "Hugh",
            "real_name": "Hugh Phung",
            "display_name": "",
            "team": "T029NF4AJG0",
            "name": "s3842508",
            "is_restricted": false,
            "is_ultra_restricted": false
        },
        "blocks": [
            {
                "type": "rich_text",
                "block_id": "I+C",
                "elements": [
                    {
                        "type": "rich_text_section",
                        "elements": [
                            {
                                "type": "text",
                                "text": "No worries"
                            }
                        ]
                    }
                ]
            }
        ]
    },
    {
        "client_msg_id": "687befdd-43b1-4d84-99a0-fdd2233397b9",
        "type": "message",
        "text": "We're just in breakout rooms and working on hte first milestone",
        "user": "U028YQ7RZMG",
        "ts": "1628211945.001500",
        "team": "T029NF4AJG0",
        "user_team": "T029NF4AJG0",
        "source_team": "T029NF4AJG0",
        "user_profile": {
            "avatar_hash": "gd135baa49ed",
            "image_72": "https:\/\/secure.gravatar.com\/avatar\/d135baa49ed036d1a79965baf65f544b.jpg?s=72&d=https%3A%2F%2Fa.slack-edge.com%2Fdf10d%2Fimg%2Favatars%2Fava_0020-72.png",
            "first_name": "Hugh",
            "real_name": "Hugh Phung",
            "display_name": "",
            "team": "T029NF4AJG0",
            "name": "s3842508",
            "is_restricted": false,
            "is_ultra_restricted": false
        },
        "blocks": [
            {
                "type": "rich_text",
                "block_id": "0Aam",
                "elements": [
                    {
                        "type": "rich_text_section",
                        "elements": [
                            {
                                "type": "text",
                                "text": "We're just in breakout rooms and working on hte first milestone"
                            }
                        ]
                    }
                ]
            }
        ]
    },
    {
        "client_msg_id": "8cbfdb4a-1f32-412c-b8cc-a26768ccaa5c",
        "type": "message",
        "text": "will be here soon just afk right now, can hear though",
        "user": "U028Z0YMHDZ",
        "ts": "1628211968.001800",
        "team": "T029NF4AJG0",
        "user_team": "T029NF4AJG0",
        "source_team": "T029NF4AJG0",
        "user_profile": {
            "avatar_hash": "g6d65e276635",
            "image_72": "https:\/\/secure.gravatar.com\/avatar\/6d65e276635701955d4de4faffaf4616.jpg?s=72&d=https%3A%2F%2Fa.slack-edge.com%2Fdf10d%2Fimg%2Favatars%2Fava_0018-72.png",
            "first_name": "",
            "real_name": "Reylan Gill",
            "display_name": "Reylan Gill",
            "team": "T029NF4AJG0",
            "name": "s3285137",
            "is_restricted": false,
            "is_ultra_restricted": false
        },
        "blocks": [
            {
                "type": "rich_text",
                "block_id": "FJ0z",
                "elements": [
                    {
                        "type": "rich_text_section",
                        "elements": [
                            {
                                "type": "text",
                                "text": "will be here soon just afk right now, can hear though"
                            }
                        ]
                    }
                ]
            }
        ]
    },
    {
        "client_msg_id": "3c720a19-255f-4e81-bd5f-358feba5918c",
        "type": "message",
        "text": "i slotted a couple in so they're grouped with relevant ones",
        "user": "U028Z0YMHDZ",
        "ts": "1628212321.002100",
        "team": "T029NF4AJG0",
        "user_team": "T029NF4AJG0",
        "source_team": "T029NF4AJG0",
        "user_profile": {
            "avatar_hash": "g6d65e276635",
            "image_72": "https:\/\/secure.gravatar.com\/avatar\/6d65e276635701955d4de4faffaf4616.jpg?s=72&d=https%3A%2F%2Fa.slack-edge.com%2Fdf10d%2Fimg%2Favatars%2Fava_0018-72.png",
            "first_name": "",
            "real_name": "Reylan Gill",
            "display_name": "Reylan Gill",
            "team": "T029NF4AJG0",
            "name": "s3285137",
            "is_restricted": false,
            "is_ultra_restricted": false
        },
        "blocks": [
            {
                "type": "rich_text",
                "block_id": "gOd4c",
                "elements": [
                    {
                        "type": "rich_text_section",
                        "elements": [
                            {
                                "type": "text",
                                "text": "i slotted a couple in so they're grouped with relevant ones"
                            }
                        ]
                    }
                ]
            }
        ]
    },
    {
        "client_msg_id": "dbf1b67c-ae8c-48e6-a761-3d4e80b75dc2",
        "type": "message",
        "text": "the admin ones",
        "user": "U028Z0YMHDZ",
        "ts": "1628212323.002400",
        "team": "T029NF4AJG0",
        "user_team": "T029NF4AJG0",
        "source_team": "T029NF4AJG0",
        "user_profile": {
            "avatar_hash": "g6d65e276635",
            "image_72": "https:\/\/secure.gravatar.com\/avatar\/6d65e276635701955d4de4faffaf4616.jpg?s=72&d=https%3A%2F%2Fa.slack-edge.com%2Fdf10d%2Fimg%2Favatars%2Fava_0018-72.png",
            "first_name": "",
            "real_name": "Reylan Gill",
            "display_name": "Reylan Gill",
            "team": "T029NF4AJG0",
            "name": "s3285137",
            "is_restricted": false,
            "is_ultra_restricted": false
        },
        "blocks": [
            {
                "type": "rich_text",
                "block_id": "09G",
                "elements": [
                    {
                        "type": "rich_text_section",
                        "elements": [
                            {
                                "type": "text",
                                "text": "the admin ones"
                            }
                        ]
                    }
                ]
            }
        ]
    },
    {
        "client_msg_id": "0cdbb957-7fa8-492e-9420-d7d11bb42d0e",
        "type": "message",
        "text": "3 of them (6,7,9?)",
        "user": "U028Z0YMHDZ",
        "ts": "1628212332.002700",
        "team": "T029NF4AJG0",
        "user_team": "T029NF4AJG0",
        "source_team": "T029NF4AJG0",
        "user_profile": {
            "avatar_hash": "g6d65e276635",
            "image_72": "https:\/\/secure.gravatar.com\/avatar\/6d65e276635701955d4de4faffaf4616.jpg?s=72&d=https%3A%2F%2Fa.slack-edge.com%2Fdf10d%2Fimg%2Favatars%2Fava_0018-72.png",
            "first_name": "",
            "real_name": "Reylan Gill",
            "display_name": "Reylan Gill",
            "team": "T029NF4AJG0",
            "name": "s3285137",
            "is_restricted": false,
            "is_ultra_restricted": false
        },
        "blocks": [
            {
                "type": "rich_text",
                "block_id": "qm\/z",
                "elements": [
                    {
                        "type": "rich_text_section",
                        "elements": [
                            {
                                "type": "text",
                                "text": "3 of them (6,7,9?)"
                            }
                        ]
                    }
                ]
            }
        ]
    },
    {
        "client_msg_id": "442e3312-4aef-4b20-a603-df6e8e74624a",
        "type": "message",
        "text": "i forget",
        "user": "U028Z0YMHDZ",
        "ts": "1628212335.002900",
        "team": "T029NF4AJG0",
        "user_team": "T029NF4AJG0",
        "source_team": "T029NF4AJG0",
        "user_profile": {
            "avatar_hash": "g6d65e276635",
            "image_72": "https:\/\/secure.gravatar.com\/avatar\/6d65e276635701955d4de4faffaf4616.jpg?s=72&d=https%3A%2F%2Fa.slack-edge.com%2Fdf10d%2Fimg%2Favatars%2Fava_0018-72.png",
            "first_name": "",
            "real_name": "Reylan Gill",
            "display_name": "Reylan Gill",
            "team": "T029NF4AJG0",
            "name": "s3285137",
            "is_restricted": false,
            "is_ultra_restricted": false
        },
        "blocks": [
            {
                "type": "rich_text",
                "block_id": "Y1s5n",
                "elements": [
                    {
                        "type": "rich_text_section",
                        "elements": [
                            {
                                "type": "text",
                                "text": "i forget"
                            }
                        ]
                    }
                ]
            }
        ]
    },
    {
        "client_msg_id": "cb34d34c-a3e8-4c68-8fad-55ab2a93f884",
        "type": "message",
        "text": "and 2 on the bottom",
        "user": "U028Z0YMHDZ",
        "ts": "1628212343.003100",
        "team": "T029NF4AJG0",
        "user_team": "T029NF4AJG0",
        "source_team": "T029NF4AJG0",
        "user_profile": {
            "avatar_hash": "g6d65e276635",
            "image_72": "https:\/\/secure.gravatar.com\/avatar\/6d65e276635701955d4de4faffaf4616.jpg?s=72&d=https%3A%2F%2Fa.slack-edge.com%2Fdf10d%2Fimg%2Favatars%2Fava_0018-72.png",
            "first_name": "",
            "real_name": "Reylan Gill",
            "display_name": "Reylan Gill",
            "team": "T029NF4AJG0",
            "name": "s3285137",
            "is_restricted": false,
            "is_ultra_restricted": false
        },
        "blocks": [
            {
                "type": "rich_text",
                "block_id": "kPeEc",
                "elements": [
                    {
                        "type": "rich_text_section",
                        "elements": [
                            {
                                "type": "text",
                                "text": "and 2 on the bottom"
                            }
                        ]
                    }
                ]
            }
        ]
    },
    {
        "client_msg_id": "50dafeea-3e9a-48f2-8d09-e266b0cef8ec",
        "type": "message",
        "text": "i renumbered and added all to the doc",
        "user": "U028Z0YMHDZ",
        "ts": "1628212361.003400",
        "team": "T029NF4AJG0",
        "user_team": "T029NF4AJG0",
        "source_team": "T029NF4AJG0",
        "user_profile": {
            "avatar_hash": "g6d65e276635",
            "image_72": "https:\/\/secure.gravatar.com\/avatar\/6d65e276635701955d4de4faffaf4616.jpg?s=72&d=https%3A%2F%2Fa.slack-edge.com%2Fdf10d%2Fimg%2Favatars%2Fava_0018-72.png",
            "first_name": "",
            "real_name": "Reylan Gill",
            "display_name": "Reylan Gill",
            "team": "T029NF4AJG0",
            "name": "s3285137",
            "is_restricted": false,
            "is_ultra_restricted": false
        },
        "blocks": [
            {
                "type": "rich_text",
                "block_id": "p\/NQ5",
                "elements": [
                    {
                        "type": "rich_text_section",
                        "elements": [
                            {
                                "type": "text",
                                "text": "i renumbered and added all to the doc"
                            }
                        ]
                    }
                ]
            }
        ]
    },
    {
        "client_msg_id": "084cb9eb-053a-40f3-be2a-fbea26143e0d",
        "type": "message",
        "text": "didn't realise they were in jira already my b",
        "user": "U028Z0YMHDZ",
        "ts": "1628212370.003700",
        "team": "T029NF4AJG0",
        "user_team": "T029NF4AJG0",
        "source_team": "T029NF4AJG0",
        "user_profile": {
            "avatar_hash": "g6d65e276635",
            "image_72": "https:\/\/secure.gravatar.com\/avatar\/6d65e276635701955d4de4faffaf4616.jpg?s=72&d=https%3A%2F%2Fa.slack-edge.com%2Fdf10d%2Fimg%2Favatars%2Fava_0018-72.png",
            "first_name": "",
            "real_name": "Reylan Gill",
            "display_name": "Reylan Gill",
            "team": "T029NF4AJG0",
            "name": "s3285137",
            "is_restricted": false,
            "is_ultra_restricted": false
        },
        "blocks": [
            {
                "type": "rich_text",
                "block_id": "Bp+",
                "elements": [
                    {
                        "type": "rich_text_section",
                        "elements": [
                            {
                                "type": "text",
                                "text": "didn't realise they were in jira already my b"
                            }
                        ]
                    }
                ]
            }
        ]
    },
    {
        "client_msg_id": "ccc0c086-f7c0-492a-9aa4-d1be8789ef1c",
        "type": "message",
        "text": "we don't need the user stories spreadsheet",
        "user": "U028Z0YMHDZ",
        "ts": "1628212485.003900",
        "team": "T029NF4AJG0",
        "user_team": "T029NF4AJG0",
        "source_team": "T029NF4AJG0",
        "user_profile": {
            "avatar_hash": "g6d65e276635",
            "image_72": "https:\/\/secure.gravatar.com\/avatar\/6d65e276635701955d4de4faffaf4616.jpg?s=72&d=https%3A%2F%2Fa.slack-edge.com%2Fdf10d%2Fimg%2Favatars%2Fava_0018-72.png",
            "first_name": "",
            "real_name": "Reylan Gill",
            "display_name": "Reylan Gill",
            "team": "T029NF4AJG0",
            "name": "s3285137",
            "is_restricted": false,
            "is_ultra_restricted": false
        },
        "blocks": [
            {
                "type": "rich_text",
                "block_id": "74g",
                "elements": [
                    {
                        "type": "rich_text_section",
                        "elements": [
                            {
                                "type": "text",
                                "text": "we don't need the user stories spreadsheet"
                            }
                        ]
                    }
                ]
            }
        ]
    },
    {
        "client_msg_id": "1d42140b-3846-4af3-95fb-fe933212cc2e",
        "type": "message",
        "text": "it ws just temporary",
        "user": "U028Z0YMHDZ",
        "ts": "1628212489.004100",
        "team": "T029NF4AJG0",
        "user_team": "T029NF4AJG0",
        "source_team": "T029NF4AJG0",
        "user_profile": {
            "avatar_hash": "g6d65e276635",
            "image_72": "https:\/\/secure.gravatar.com\/avatar\/6d65e276635701955d4de4faffaf4616.jpg?s=72&d=https%3A%2F%2Fa.slack-edge.com%2Fdf10d%2Fimg%2Favatars%2Fava_0018-72.png",
            "first_name": "",
            "real_name": "Reylan Gill",
            "display_name": "Reylan Gill",
            "team": "T029NF4AJG0",
            "name": "s3285137",
            "is_restricted": false,
            "is_ultra_restricted": false
        },
        "blocks": [
            {
                "type": "rich_text",
                "block_id": "ETGj",
                "elements": [
                    {
                        "type": "rich_text_section",
                        "elements": [
                            {
                                "type": "text",
                                "text": "it ws just temporary"
                            }
                        ]
                    }
                ]
            }
        ]
    },
    {
        "client_msg_id": "e4b0bf66-e61d-401c-91cd-43280b941aa0",
        "type": "message",
        "text": "the spreadsheet yeah",
        "user": "U028Z0YMHDZ",
        "ts": "1628212517.004300",
        "team": "T029NF4AJG0",
        "user_team": "T029NF4AJG0",
        "source_team": "T029NF4AJG0",
        "user_profile": {
            "avatar_hash": "g6d65e276635",
            "image_72": "https:\/\/secure.gravatar.com\/avatar\/6d65e276635701955d4de4faffaf4616.jpg?s=72&d=https%3A%2F%2Fa.slack-edge.com%2Fdf10d%2Fimg%2Favatars%2Fava_0018-72.png",
            "first_name": "",
            "real_name": "Reylan Gill",
            "display_name": "Reylan Gill",
            "team": "T029NF4AJG0",
            "name": "s3285137",
            "is_restricted": false,
            "is_ultra_restricted": false
        },
        "blocks": [
            {
                "type": "rich_text",
                "block_id": "b3WC8",
                "elements": [
                    {
                        "type": "rich_text_section",
                        "elements": [
                            {
                                "type": "text",
                                "text": "the spreadsheet yeah"
                            }
                        ]
                    }
                ]
            }
        ]
    },
    {
        "client_msg_id": "08bd5132-e72f-4ac9-8f8d-aeca1fa60e40",
        "type": "message",
        "text": ":thumbsup:",
        "user": "U028Z0YMHDZ",
        "ts": "1628212522.004500",
        "team": "T029NF4AJG0",
        "user_team": "T029NF4AJG0",
        "source_team": "T029NF4AJG0",
        "user_profile": {
            "avatar_hash": "g6d65e276635",
            "image_72": "https:\/\/secure.gravatar.com\/avatar\/6d65e276635701955d4de4faffaf4616.jpg?s=72&d=https%3A%2F%2Fa.slack-edge.com%2Fdf10d%2Fimg%2Favatars%2Fava_0018-72.png",
            "first_name": "",
            "real_name": "Reylan Gill",
            "display_name": "Reylan Gill",
            "team": "T029NF4AJG0",
            "name": "s3285137",
            "is_restricted": false,
            "is_ultra_restricted": false
        },
        "blocks": [
            {
                "type": "rich_text",
                "block_id": "2FC",
                "elements": [
                    {
                        "type": "rich_text_section",
                        "elements": [
                            {
                                "type": "emoji",
                                "name": "thumbsup"
                            }
                        ]
                    }
                ]
            }
        ]
    },
    {
        "type": "message",
        "text": "",
        "files": [
            {
                "id": "F02AD58L742",
                "created": 1628214134,
                "timestamp": 1628214134,
                "name": "image.png",
                "title": "image.png",
                "mimetype": "image\/png",
                "filetype": "png",
                "pretty_type": "PNG",
                "user": "U028Z0YMHDZ",
                "editable": false,
                "size": 30104,
                "mode": "hosted",
                "is_external": false,
                "external_type": "",
                "is_public": true,
                "public_url_shared": false,
                "display_as_bot": false,
                "username": "",
                "url_private": "https:\/\/files.slack.com\/files-pri\/T029NF4AJG0-F02AD58L742\/image.png?t=xoxe-2328514358544-2393850905377-2378206132213-78b5654fdc52304cdae9d30d0ce643b3",
                "url_private_download": "https:\/\/files.slack.com\/files-pri\/T029NF4AJG0-F02AD58L742\/download\/image.png?t=xoxe-2328514358544-2393850905377-2378206132213-78b5654fdc52304cdae9d30d0ce643b3",
                "media_display_type": "unknown",
                "thumb_64": "https:\/\/files.slack.com\/files-tmb\/T029NF4AJG0-F02AD58L742-ca9830f5ef\/image_64.png?t=xoxe-2328514358544-2393850905377-2378206132213-78b5654fdc52304cdae9d30d0ce643b3",
                "thumb_80": "https:\/\/files.slack.com\/files-tmb\/T029NF4AJG0-F02AD58L742-ca9830f5ef\/image_80.png?t=xoxe-2328514358544-2393850905377-2378206132213-78b5654fdc52304cdae9d30d0ce643b3",
                "thumb_360": "https:\/\/files.slack.com\/files-tmb\/T029NF4AJG0-F02AD58L742-ca9830f5ef\/image_360.png?t=xoxe-2328514358544-2393850905377-2378206132213-78b5654fdc52304cdae9d30d0ce643b3",
                "thumb_360_w": 350,
                "thumb_360_h": 360,
                "thumb_160": "https:\/\/files.slack.com\/files-tmb\/T029NF4AJG0-F02AD58L742-ca9830f5ef\/image_160.png?t=xoxe-2328514358544-2393850905377-2378206132213-78b5654fdc52304cdae9d30d0ce643b3",
                "original_w": 461,
                "original_h": 474,
                "thumb_tiny": "AwAwAC7Tpu9f7wp1RHhuDjn+7QBLRUW87sbhn0204byAQw\/KgB9FNAfPJBH0p1ABUZznv19akqI4yPu9aAAZ3fx4z68VIv3R\/Woht3\/wZz+NSpyg6dO1AC0UUUAFRknP8XX0qSm7B70AMGd38XX+7\/WpF+6Ov40nljOefzpwGBgUAFFFFAH\/2Q==",
                "permalink": "https:\/\/sept-group6.slack.com\/files\/U028Z0YMHDZ\/F02AD58L742\/image.png",
                "permalink_public": "https:\/\/slack-files.com\/T029NF4AJG0-F02AD58L742-846924b380",
                "is_starred": false,
                "has_rich_preview": false
            }
        ],
        "upload": false,
        "user": "U028Z0YMHDZ",
        "display_as_bot": false,
        "ts": "1628214136.004600"
    },
    {
        "client_msg_id": "8302998c-52a1-42e5-babe-4d5f16fb4f2e",
        "type": "message",
        "text": "<https:\/\/narenscratchpad.wordpress.com\/?s=definition+of+done>",
        "user": "U028Z0YMHDZ",
        "ts": "1628216538.005200",
        "team": "T029NF4AJG0",
        "user_team": "T029NF4AJG0",
        "source_team": "T029NF4AJG0",
        "user_profile": {
            "avatar_hash": "g6d65e276635",
            "image_72": "https:\/\/secure.gravatar.com\/avatar\/6d65e276635701955d4de4faffaf4616.jpg?s=72&d=https%3A%2F%2Fa.slack-edge.com%2Fdf10d%2Fimg%2Favatars%2Fava_0018-72.png",
            "first_name": "",
            "real_name": "Reylan Gill",
            "display_name": "Reylan Gill",
            "team": "T029NF4AJG0",
            "name": "s3285137",
            "is_restricted": false,
            "is_ultra_restricted": false
        },
        "attachments": [
            {
                "service_name": "Naren's Scratch Pad",
                "title": "Search Results for “definition of done” – Naren's Scratch Pad",
                "title_link": "https:\/\/narenscratchpad.wordpress.com\/?s=definition+of+done",
                "fallback": "Naren's Scratch Pad: Search Results for “definition of done” – Naren's Scratch Pad",
                "image_url": "https:\/\/s0.wp.com\/i\/blank.jpg",
                "from_url": "https:\/\/narenscratchpad.wordpress.com\/?s=definition+of+done",
                "image_width": 200,
                "image_height": 200,
                "image_bytes": 8554,
                "service_icon": "https:\/\/s2.wp.com\/i\/webclip.png",
                "id": 1,
                "original_url": "https:\/\/narenscratchpad.wordpress.com\/?s=definition+of+done"
            }
        ],
        "blocks": [
            {
                "type": "rich_text",
                "block_id": "Sep",
                "elements": [
                    {
                        "type": "rich_text_section",
                        "elements": [
                            {
                                "type": "link",
                                "url": "https:\/\/narenscratchpad.wordpress.com\/?s=definition+of+done"
                            }
                        ]
                    }
                ]
            }
        ]
    }
]