[
    {
        "client_msg_id": "ca3d496a-d5ba-452d-bf6f-003cddd2f0e3",
        "type": "message",
        "text": "hey guys, should we meet tomorrow just to say we did? i'm probs gonna work on the wireframe tomorrow and maybe finish off some of the acceptance criteria",
        "user": "U028Z0YMHDZ",
        "ts": "1628661835.000800",
        "team": "T029NF4AJG0",
        "user_team": "T029NF4AJG0",
        "source_team": "T029NF4AJG0",
        "user_profile": {
            "avatar_hash": "g6d65e276635",
            "image_72": "https:\/\/secure.gravatar.com\/avatar\/6d65e276635701955d4de4faffaf4616.jpg?s=72&d=https%3A%2F%2Fa.slack-edge.com%2Fdf10d%2Fimg%2Favatars%2Fava_0018-72.png",
            "first_name": "",
            "real_name": "Reylan Gill",
            "display_name": "Reylan Gill",
            "team": "T029NF4AJG0",
            "name": "s3285137",
            "is_restricted": false,
            "is_ultra_restricted": false
        },
        "blocks": [
            {
                "type": "rich_text",
                "block_id": "O335N",
                "elements": [
                    {
                        "type": "rich_text_section",
                        "elements": [
                            {
                                "type": "text",
                                "text": "hey guys, should we meet tomorrow just to say we did? i'm probs gonna work on the wireframe tomorrow and maybe finish off some of the acceptance criteria"
                            }
                        ]
                    }
                ]
            }
        ]
    },
    {
        "client_msg_id": "c3b3cfd8-6524-4e58-bf2a-4a668b857638",
        "type": "message",
        "text": "i guess we gotta do the sprint 1 plan meeting too lol",
        "user": "U028Z0YMHDZ",
        "ts": "1628661847.001100",
        "team": "T029NF4AJG0",
        "user_team": "T029NF4AJG0",
        "source_team": "T029NF4AJG0",
        "user_profile": {
            "avatar_hash": "g6d65e276635",
            "image_72": "https:\/\/secure.gravatar.com\/avatar\/6d65e276635701955d4de4faffaf4616.jpg?s=72&d=https%3A%2F%2Fa.slack-edge.com%2Fdf10d%2Fimg%2Favatars%2Fava_0018-72.png",
            "first_name": "",
            "real_name": "Reylan Gill",
            "display_name": "Reylan Gill",
            "team": "T029NF4AJG0",
            "name": "s3285137",
            "is_restricted": false,
            "is_ultra_restricted": false
        },
        "blocks": [
            {
                "type": "rich_text",
                "block_id": "u5UtI",
                "elements": [
                    {
                        "type": "rich_text_section",
                        "elements": [
                            {
                                "type": "text",
                                "text": "i guess we gotta do the sprint 1 plan meeting too lol"
                            }
                        ]
                    }
                ]
            }
        ]
    },
    {
        "client_msg_id": "d8a9f409-ff73-42a1-be62-6078861e8833",
        "type": "message",
        "text": "Yep yep goo idea",
        "user": "U028YQ7RZMG",
        "ts": "1628661859.001300",
        "team": "T029NF4AJG0",
        "user_team": "T029NF4AJG0",
        "source_team": "T029NF4AJG0",
        "user_profile": {
            "avatar_hash": "gd135baa49ed",
            "image_72": "https:\/\/secure.gravatar.com\/avatar\/d135baa49ed036d1a79965baf65f544b.jpg?s=72&d=https%3A%2F%2Fa.slack-edge.com%2Fdf10d%2Fimg%2Favatars%2Fava_0020-72.png",
            "first_name": "Hugh",
            "real_name": "Hugh Phung",
            "display_name": "",
            "team": "T029NF4AJG0",
            "name": "s3842508",
            "is_restricted": false,
            "is_ultra_restricted": false
        },
        "blocks": [
            {
                "type": "rich_text",
                "block_id": "sIP",
                "elements": [
                    {
                        "type": "rich_text_section",
                        "elements": [
                            {
                                "type": "text",
                                "text": "Yep yep goo idea"
                            }
                        ]
                    }
                ]
            }
        ]
    },
    {
        "type": "message",
        "text": "probs copy something like this (minus the green menu bar for different product categories)",
        "files": [
            {
                "id": "F02B0H2R04C",
                "created": 1628661985,
                "timestamp": 1628661985,
                "name": "image.png",
                "title": "image.png",
                "mimetype": "image\/png",
                "filetype": "png",
                "pretty_type": "PNG",
                "user": "U028Z0YMHDZ",
                "editable": false,
                "size": 425830,
                "mode": "hosted",
                "is_external": false,
                "external_type": "",
                "is_public": true,
                "public_url_shared": false,
                "display_as_bot": false,
                "username": "",
                "url_private": "https:\/\/files.slack.com\/files-pri\/T029NF4AJG0-F02B0H2R04C\/image.png?t=xoxe-2328514358544-2393850905377-2378206132213-78b5654fdc52304cdae9d30d0ce643b3",
                "url_private_download": "https:\/\/files.slack.com\/files-pri\/T029NF4AJG0-F02B0H2R04C\/download\/image.png?t=xoxe-2328514358544-2393850905377-2378206132213-78b5654fdc52304cdae9d30d0ce643b3",
                "media_display_type": "unknown",
                "thumb_64": "https:\/\/files.slack.com\/files-tmb\/T029NF4AJG0-F02B0H2R04C-ca0a5606f9\/image_64.png?t=xoxe-2328514358544-2393850905377-2378206132213-78b5654fdc52304cdae9d30d0ce643b3",
                "thumb_80": "https:\/\/files.slack.com\/files-tmb\/T029NF4AJG0-F02B0H2R04C-ca0a5606f9\/image_80.png?t=xoxe-2328514358544-2393850905377-2378206132213-78b5654fdc52304cdae9d30d0ce643b3",
                "thumb_360": "https:\/\/files.slack.com\/files-tmb\/T029NF4AJG0-F02B0H2R04C-ca0a5606f9\/image_360.png?t=xoxe-2328514358544-2393850905377-2378206132213-78b5654fdc52304cdae9d30d0ce643b3",
                "thumb_360_w": 360,
                "thumb_360_h": 230,
                "thumb_480": "https:\/\/files.slack.com\/files-tmb\/T029NF4AJG0-F02B0H2R04C-ca0a5606f9\/image_480.png?t=xoxe-2328514358544-2393850905377-2378206132213-78b5654fdc52304cdae9d30d0ce643b3",
                "thumb_480_w": 480,
                "thumb_480_h": 306,
                "thumb_160": "https:\/\/files.slack.com\/files-tmb\/T029NF4AJG0-F02B0H2R04C-ca0a5606f9\/image_160.png?t=xoxe-2328514358544-2393850905377-2378206132213-78b5654fdc52304cdae9d30d0ce643b3",
                "thumb_720": "https:\/\/files.slack.com\/files-tmb\/T029NF4AJG0-F02B0H2R04C-ca0a5606f9\/image_720.png?t=xoxe-2328514358544-2393850905377-2378206132213-78b5654fdc52304cdae9d30d0ce643b3",
                "thumb_720_w": 720,
                "thumb_720_h": 459,
                "thumb_800": "https:\/\/files.slack.com\/files-tmb\/T029NF4AJG0-F02B0H2R04C-ca0a5606f9\/image_800.png?t=xoxe-2328514358544-2393850905377-2378206132213-78b5654fdc52304cdae9d30d0ce643b3",
                "thumb_800_w": 800,
                "thumb_800_h": 511,
                "thumb_960": "https:\/\/files.slack.com\/files-tmb\/T029NF4AJG0-F02B0H2R04C-ca0a5606f9\/image_960.png?t=xoxe-2328514358544-2393850905377-2378206132213-78b5654fdc52304cdae9d30d0ce643b3",
                "thumb_960_w": 960,
                "thumb_960_h": 613,
                "thumb_1024": "https:\/\/files.slack.com\/files-tmb\/T029NF4AJG0-F02B0H2R04C-ca0a5606f9\/image_1024.png?t=xoxe-2328514358544-2393850905377-2378206132213-78b5654fdc52304cdae9d30d0ce643b3",
                "thumb_1024_w": 1024,
                "thumb_1024_h": 653,
                "original_w": 1274,
                "original_h": 813,
                "thumb_tiny": "AwAeADCzshxxHg\/7ppAkXeMH\/gJqzSKaAIdkH\/PP\/wAdNGyD\/nmf++aDOA2OSfrT1kyM4\/OgNUMCwg8Rn\/vmkCQnrHk\/7pqUvjpg04HIBosIX1pAOKUgkEDGfekCv3K4+lAykImA64x79amUALjI49xT2tlK7c\/pSfZV3Zz+FG2wXcviGgepX86mT7opn2Zd2c\/hT0QRqFHan0B7n\/\/Z",
                "permalink": "https:\/\/sept-group6.slack.com\/files\/U028Z0YMHDZ\/F02B0H2R04C\/image.png",
                "permalink_public": "https:\/\/slack-files.com\/T029NF4AJG0-F02B0H2R04C-b7634220e1",
                "is_starred": false,
                "has_rich_preview": false
            }
        ],
        "upload": false,
        "blocks": [
            {
                "type": "rich_text",
                "block_id": "jEo",
                "elements": [
                    {
                        "type": "rich_text_section",
                        "elements": [
                            {
                                "type": "text",
                                "text": "probs copy something like this (minus the green menu bar for different product categories)"
                            }
                        ]
                    }
                ]
            }
        ],
        "user": "U028Z0YMHDZ",
        "display_as_bot": false,
        "ts": "1628661988.001900"
    },
    {
        "client_msg_id": "d582e955-1eab-4143-9e60-47ce4260e630",
        "type": "message",
        "text": "and the promo part will be books instead i guess lol",
        "user": "U028Z0YMHDZ",
        "ts": "1628662000.002400",
        "team": "T029NF4AJG0",
        "user_team": "T029NF4AJG0",
        "source_team": "T029NF4AJG0",
        "user_profile": {
            "avatar_hash": "g6d65e276635",
            "image_72": "https:\/\/secure.gravatar.com\/avatar\/6d65e276635701955d4de4faffaf4616.jpg?s=72&d=https%3A%2F%2Fa.slack-edge.com%2Fdf10d%2Fimg%2Favatars%2Fava_0018-72.png",
            "first_name": "",
            "real_name": "Reylan Gill",
            "display_name": "Reylan Gill",
            "team": "T029NF4AJG0",
            "name": "s3285137",
            "is_restricted": false,
            "is_ultra_restricted": false
        },
        "blocks": [
            {
                "type": "rich_text",
                "block_id": "X\/LS",
                "elements": [
                    {
                        "type": "rich_text_section",
                        "elements": [
                            {
                                "type": "text",
                                "text": "and the promo part will be books instead i guess lol"
                            }
                        ]
                    }
                ]
            }
        ]
    },
    {
        "client_msg_id": "86029e48-94c5-4a48-a70e-b8cad52a4971",
        "type": "message",
        "text": "i dunno",
        "user": "U028Z0YMHDZ",
        "ts": "1628662022.002700",
        "team": "T029NF4AJG0",
        "user_team": "T029NF4AJG0",
        "source_team": "T029NF4AJG0",
        "user_profile": {
            "avatar_hash": "g6d65e276635",
            "image_72": "https:\/\/secure.gravatar.com\/avatar\/6d65e276635701955d4de4faffaf4616.jpg?s=72&d=https%3A%2F%2Fa.slack-edge.com%2Fdf10d%2Fimg%2Favatars%2Fava_0018-72.png",
            "first_name": "",
            "real_name": "Reylan Gill",
            "display_name": "Reylan Gill",
            "team": "T029NF4AJG0",
            "name": "s3285137",
            "is_restricted": false,
            "is_ultra_restricted": false
        },
        "blocks": [
            {
                "type": "rich_text",
                "block_id": "kyCc",
                "elements": [
                    {
                        "type": "rich_text_section",
                        "elements": [
                            {
                                "type": "text",
                                "text": "i dunno"
                            }
                        ]
                    }
                ]
            }
        ]
    },
    {
        "client_msg_id": "a1292c5a-dc85-4735-9533-733124dee53a",
        "type": "message",
        "text": "Yeah that looks good",
        "user": "U028YQ7RZMG",
        "ts": "1628662049.003000",
        "team": "T029NF4AJG0",
        "user_team": "T029NF4AJG0",
        "source_team": "T029NF4AJG0",
        "user_profile": {
            "avatar_hash": "gd135baa49ed",
            "image_72": "https:\/\/secure.gravatar.com\/avatar\/d135baa49ed036d1a79965baf65f544b.jpg?s=72&d=https%3A%2F%2Fa.slack-edge.com%2Fdf10d%2Fimg%2Favatars%2Fava_0020-72.png",
            "first_name": "Hugh",
            "real_name": "Hugh Phung",
            "display_name": "",
            "team": "T029NF4AJG0",
            "name": "s3842508",
            "is_restricted": false,
            "is_ultra_restricted": false
        },
        "blocks": [
            {
                "type": "rich_text",
                "block_id": "QIxf",
                "elements": [
                    {
                        "type": "rich_text_section",
                        "elements": [
                            {
                                "type": "text",
                                "text": "Yeah that looks good"
                            }
                        ]
                    }
                ]
            }
        ],
        "reactions": [
            {
                "name": "+1",
                "users": [
                    "U028Z0YMHDZ"
                ],
                "count": 1
            }
        ]
    },
    {
        "client_msg_id": "43ad1251-9fdb-4c33-8b4a-7865f2fdd8f5",
        "type": "message",
        "text": "Other stores like Booktopia and Dymocks have similar layouts",
        "user": "U028YQ7RZMG",
        "ts": "1628662078.003600",
        "team": "T029NF4AJG0",
        "user_team": "T029NF4AJG0",
        "source_team": "T029NF4AJG0",
        "user_profile": {
            "avatar_hash": "gd135baa49ed",
            "image_72": "https:\/\/secure.gravatar.com\/avatar\/d135baa49ed036d1a79965baf65f544b.jpg?s=72&d=https%3A%2F%2Fa.slack-edge.com%2Fdf10d%2Fimg%2Favatars%2Fava_0020-72.png",
            "first_name": "Hugh",
            "real_name": "Hugh Phung",
            "display_name": "",
            "team": "T029NF4AJG0",
            "name": "s3842508",
            "is_restricted": false,
            "is_ultra_restricted": false
        },
        "blocks": [
            {
                "type": "rich_text",
                "block_id": "Q=RAj",
                "elements": [
                    {
                        "type": "rich_text_section",
                        "elements": [
                            {
                                "type": "text",
                                "text": "Other stores like Booktopia and Dymocks have similar layouts"
                            }
                        ]
                    }
                ]
            }
        ]
    },
    {
        "client_msg_id": "dda63c5f-19ea-4481-ab33-8e01a877f517",
        "type": "message",
        "text": "mm yeah booktopia very similar. dymocks had a lot more promo stuff going on so i didn't bother screenshotting that lol",
        "user": "U028Z0YMHDZ",
        "ts": "1628662176.004000",
        "team": "T029NF4AJG0",
        "user_team": "T029NF4AJG0",
        "source_team": "T029NF4AJG0",
        "user_profile": {
            "avatar_hash": "g6d65e276635",
            "image_72": "https:\/\/secure.gravatar.com\/avatar\/6d65e276635701955d4de4faffaf4616.jpg?s=72&d=https%3A%2F%2Fa.slack-edge.com%2Fdf10d%2Fimg%2Favatars%2Fava_0018-72.png",
            "first_name": "",
            "real_name": "Reylan Gill",
            "display_name": "Reylan Gill",
            "team": "T029NF4AJG0",
            "name": "s3285137",
            "is_restricted": false,
            "is_ultra_restricted": false
        },
        "blocks": [
            {
                "type": "rich_text",
                "block_id": "7\/Tq",
                "elements": [
                    {
                        "type": "rich_text_section",
                        "elements": [
                            {
                                "type": "text",
                                "text": "mm yeah booktopia very similar. dymocks had a lot more promo stuff going on so i didn't bother screenshotting that lol"
                            }
                        ]
                    }
                ]
            }
        ]
    },
    {
        "client_msg_id": "acffa621-6d69-4263-8212-39e2b83d6116",
        "type": "message",
        "text": "but yeah, apart from hidden menu it's very similar too you're right",
        "user": "U028Z0YMHDZ",
        "ts": "1628662196.004300",
        "team": "T029NF4AJG0",
        "user_team": "T029NF4AJG0",
        "source_team": "T029NF4AJG0",
        "user_profile": {
            "avatar_hash": "g6d65e276635",
            "image_72": "https:\/\/secure.gravatar.com\/avatar\/6d65e276635701955d4de4faffaf4616.jpg?s=72&d=https%3A%2F%2Fa.slack-edge.com%2Fdf10d%2Fimg%2Favatars%2Fava_0018-72.png",
            "first_name": "",
            "real_name": "Reylan Gill",
            "display_name": "Reylan Gill",
            "team": "T029NF4AJG0",
            "name": "s3285137",
            "is_restricted": false,
            "is_ultra_restricted": false
        },
        "blocks": [
            {
                "type": "rich_text",
                "block_id": "vLxwW",
                "elements": [
                    {
                        "type": "rich_text_section",
                        "elements": [
                            {
                                "type": "text",
                                "text": "but yeah, apart from hidden menu it's very similar too you're right"
                            }
                        ]
                    }
                ]
            }
        ]
    },
    {
        "client_msg_id": "e832f5de-7b66-4095-85e0-7f0af52a62ad",
        "type": "message",
        "text": "The Angus and Robertson one seems very dooable",
        "user": "U028YQ7RZMG",
        "ts": "1628662232.004700",
        "team": "T029NF4AJG0",
        "user_team": "T029NF4AJG0",
        "source_team": "T029NF4AJG0",
        "user_profile": {
            "avatar_hash": "gd135baa49ed",
            "image_72": "https:\/\/secure.gravatar.com\/avatar\/d135baa49ed036d1a79965baf65f544b.jpg?s=72&d=https%3A%2F%2Fa.slack-edge.com%2Fdf10d%2Fimg%2Favatars%2Fava_0020-72.png",
            "first_name": "Hugh",
            "real_name": "Hugh Phung",
            "display_name": "",
            "team": "T029NF4AJG0",
            "name": "s3842508",
            "is_restricted": false,
            "is_ultra_restricted": false
        },
        "blocks": [
            {
                "type": "rich_text",
                "block_id": "MPb",
                "elements": [
                    {
                        "type": "rich_text_section",
                        "elements": [
                            {
                                "type": "text",
                                "text": "The Angus and Robertson one seems very dooable"
                            }
                        ]
                    }
                ]
            }
        ]
    },
    {
        "client_msg_id": "24afc22a-2cb9-4165-ab8d-ad52e229bebc",
        "type": "message",
        "text": "yeah something similar anyway",
        "user": "U028Z0YMHDZ",
        "ts": "1628662246.004900",
        "team": "T029NF4AJG0",
        "user_team": "T029NF4AJG0",
        "source_team": "T029NF4AJG0",
        "user_profile": {
            "avatar_hash": "g6d65e276635",
            "image_72": "https:\/\/secure.gravatar.com\/avatar\/6d65e276635701955d4de4faffaf4616.jpg?s=72&d=https%3A%2F%2Fa.slack-edge.com%2Fdf10d%2Fimg%2Favatars%2Fava_0018-72.png",
            "first_name": "",
            "real_name": "Reylan Gill",
            "display_name": "Reylan Gill",
            "team": "T029NF4AJG0",
            "name": "s3285137",
            "is_restricted": false,
            "is_ultra_restricted": false
        },
        "blocks": [
            {
                "type": "rich_text",
                "block_id": "kWoG",
                "elements": [
                    {
                        "type": "rich_text_section",
                        "elements": [
                            {
                                "type": "text",
                                "text": "yeah something similar anyway"
                            }
                        ]
                    }
                ]
            }
        ]
    },
    {
        "client_msg_id": "fed631b5-cf5e-4a03-b245-6dec9b569ded",
        "type": "message",
        "text": "since ours will have a lot less functionality",
        "user": "U028Z0YMHDZ",
        "ts": "1628662255.005100",
        "team": "T029NF4AJG0",
        "user_team": "T029NF4AJG0",
        "source_team": "T029NF4AJG0",
        "user_profile": {
            "avatar_hash": "g6d65e276635",
            "image_72": "https:\/\/secure.gravatar.com\/avatar\/6d65e276635701955d4de4faffaf4616.jpg?s=72&d=https%3A%2F%2Fa.slack-edge.com%2Fdf10d%2Fimg%2Favatars%2Fava_0018-72.png",
            "first_name": "",
            "real_name": "Reylan Gill",
            "display_name": "Reylan Gill",
            "team": "T029NF4AJG0",
            "name": "s3285137",
            "is_restricted": false,
            "is_ultra_restricted": false
        },
        "blocks": [
            {
                "type": "rich_text",
                "block_id": "FVp",
                "elements": [
                    {
                        "type": "rich_text_section",
                        "elements": [
                            {
                                "type": "text",
                                "text": "since ours will have a lot less functionality"
                            }
                        ]
                    }
                ]
            }
        ]
    },
    {
        "client_msg_id": "18fbebc4-1b04-4045-9be6-ab64c7d86fc8",
        "type": "message",
        "text": "hmm",
        "user": "U028YQ7RZMG",
        "ts": "1628662262.005400",
        "team": "T029NF4AJG0",
        "user_team": "T029NF4AJG0",
        "source_team": "T029NF4AJG0",
        "user_profile": {
            "avatar_hash": "gd135baa49ed",
            "image_72": "https:\/\/secure.gravatar.com\/avatar\/d135baa49ed036d1a79965baf65f544b.jpg?s=72&d=https%3A%2F%2Fa.slack-edge.com%2Fdf10d%2Fimg%2Favatars%2Fava_0020-72.png",
            "first_name": "Hugh",
            "real_name": "Hugh Phung",
            "display_name": "",
            "team": "T029NF4AJG0",
            "name": "s3842508",
            "is_restricted": false,
            "is_ultra_restricted": false
        },
        "blocks": [
            {
                "type": "rich_text",
                "block_id": "ce=jk",
                "elements": [
                    {
                        "type": "rich_text_section",
                        "elements": [
                            {
                                "type": "text",
                                "text": "hmm"
                            }
                        ]
                    }
                ]
            }
        ]
    }
]