[
    {
        "client_msg_id": "99dd4edb-e7ac-43e6-b97f-3b9862e66025",
        "type": "message",
        "text": "We should have a meeting either on Tuesday, Wednesday or Thursday",
        "user": "U028YQ7RZMG",
        "ts": "1627892694.003900",
        "team": "T029NF4AJG0",
        "user_team": "T029NF4AJG0",
        "source_team": "T029NF4AJG0",
        "user_profile": {
            "avatar_hash": "gd135baa49ed",
            "image_72": "https:\/\/secure.gravatar.com\/avatar\/d135baa49ed036d1a79965baf65f544b.jpg?s=72&d=https%3A%2F%2Fa.slack-edge.com%2Fdf10d%2Fimg%2Favatars%2Fava_0020-72.png",
            "first_name": "Hugh",
            "real_name": "Hugh Phung",
            "display_name": "",
            "team": "T029NF4AJG0",
            "name": "s3842508",
            "is_restricted": false,
            "is_ultra_restricted": false
        },
        "blocks": [
            {
                "type": "rich_text",
                "block_id": "iasgi",
                "elements": [
                    {
                        "type": "rich_text_section",
                        "elements": [
                            {
                                "type": "text",
                                "text": "We should have a meeting either on Tuesday, Wednesday or Thursday"
                            }
                        ]
                    }
                ]
            }
        ]
    },
    {
        "client_msg_id": "58afc4fb-101f-4cec-9357-225f2b4daaa4",
        "type": "message",
        "text": "I can do either but I have a lot of free time on Tuesday and Wednesday after 12:30",
        "user": "U028YQ7RZMG",
        "ts": "1627892721.004400",
        "team": "T029NF4AJG0",
        "user_team": "T029NF4AJG0",
        "source_team": "T029NF4AJG0",
        "user_profile": {
            "avatar_hash": "gd135baa49ed",
            "image_72": "https:\/\/secure.gravatar.com\/avatar\/d135baa49ed036d1a79965baf65f544b.jpg?s=72&d=https%3A%2F%2Fa.slack-edge.com%2Fdf10d%2Fimg%2Favatars%2Fava_0020-72.png",
            "first_name": "Hugh",
            "real_name": "Hugh Phung",
            "display_name": "",
            "team": "T029NF4AJG0",
            "name": "s3842508",
            "is_restricted": false,
            "is_ultra_restricted": false
        },
        "blocks": [
            {
                "type": "rich_text",
                "block_id": "=2E86",
                "elements": [
                    {
                        "type": "rich_text_section",
                        "elements": [
                            {
                                "type": "text",
                                "text": "I can do either but I have a lot of free time on Tuesday and Wednesday after 12:30"
                            }
                        ]
                    }
                ]
            }
        ]
    },
    {
        "client_msg_id": "5837e3a0-6833-463a-b779-68851e29c288",
        "type": "message",
        "text": "If we do Thursday I’ll be free after about 6 pm",
        "user": "U028YQ7RZMG",
        "ts": "1627892744.004800",
        "team": "T029NF4AJG0",
        "user_team": "T029NF4AJG0",
        "source_team": "T029NF4AJG0",
        "user_profile": {
            "avatar_hash": "gd135baa49ed",
            "image_72": "https:\/\/secure.gravatar.com\/avatar\/d135baa49ed036d1a79965baf65f544b.jpg?s=72&d=https%3A%2F%2Fa.slack-edge.com%2Fdf10d%2Fimg%2Favatars%2Fava_0020-72.png",
            "first_name": "Hugh",
            "real_name": "Hugh Phung",
            "display_name": "",
            "team": "T029NF4AJG0",
            "name": "s3842508",
            "is_restricted": false,
            "is_ultra_restricted": false
        },
        "blocks": [
            {
                "type": "rich_text",
                "block_id": "diJ",
                "elements": [
                    {
                        "type": "rich_text_section",
                        "elements": [
                            {
                                "type": "text",
                                "text": "If we do Thursday I’ll be free after about 6 pm"
                            }
                        ]
                    }
                ]
            }
        ]
    },
    {
        "client_msg_id": "1b24c56d-7e1f-46aa-a942-48c20b71608a",
        "type": "message",
        "text": "sure, i'm free after 3:30 on tues\/weds, all day thurs",
        "user": "U028Z0YMHDZ",
        "ts": "1627893158.005200",
        "team": "T029NF4AJG0",
        "user_team": "T029NF4AJG0",
        "source_team": "T029NF4AJG0",
        "user_profile": {
            "avatar_hash": "g6d65e276635",
            "image_72": "https:\/\/secure.gravatar.com\/avatar\/6d65e276635701955d4de4faffaf4616.jpg?s=72&d=https%3A%2F%2Fa.slack-edge.com%2Fdf10d%2Fimg%2Favatars%2Fava_0018-72.png",
            "first_name": "",
            "real_name": "Reylan Gill",
            "display_name": "Reylan Gill",
            "team": "T029NF4AJG0",
            "name": "s3285137",
            "is_restricted": false,
            "is_ultra_restricted": false
        },
        "blocks": [
            {
                "type": "rich_text",
                "block_id": "\/g=j",
                "elements": [
                    {
                        "type": "rich_text_section",
                        "elements": [
                            {
                                "type": "text",
                                "text": "sure, i'm free after 3:30 on tues\/weds, all day thurs"
                            }
                        ]
                    }
                ]
            }
        ]
    },
    {
        "client_msg_id": "4e331520-6cf9-43a4-95f9-fc2fcb7a7e45",
        "type": "message",
        "text": "i can do tues \/ thurs or early weds",
        "user": "U02950YUZTN",
        "ts": "1627896373.005800",
        "team": "T029NF4AJG0",
        "user_team": "T029NF4AJG0",
        "source_team": "T029NF4AJG0",
        "user_profile": {
            "avatar_hash": "22b11c38dda1",
            "image_72": "https:\/\/avatars.slack-edge.com\/2021-07-22\/2317487721617_22b11c38dda197cd1cde_72.png",
            "first_name": "",
            "real_name": "Sam Te",
            "display_name": "Sam Te",
            "team": "T029NF4AJG0",
            "name": "s3199556",
            "is_restricted": false,
            "is_ultra_restricted": false
        },
        "blocks": [
            {
                "type": "rich_text",
                "block_id": "ck4",
                "elements": [
                    {
                        "type": "rich_text_section",
                        "elements": [
                            {
                                "type": "text",
                                "text": "i can do tues \/ thurs or early weds"
                            }
                        ]
                    }
                ]
            }
        ]
    },
    {
        "client_msg_id": "0b672cab-0f58-4ed7-907f-eaf848848378",
        "type": "message",
        "text": "i'm free 3:30 - 4:30 tuesday, should we do it then?",
        "user": "U028Q0EAKRD",
        "ts": "1627911496.006600",
        "team": "T029NF4AJG0",
        "user_team": "T029NF4AJG0",
        "source_team": "T029NF4AJG0",
        "user_profile": {
            "avatar_hash": "ge091c44c094",
            "image_72": "https:\/\/secure.gravatar.com\/avatar\/e091c44c0941811754163c289480d69a.jpg?s=72&d=https%3A%2F%2Fa.slack-edge.com%2Fdf10d%2Fimg%2Favatars%2Fava_0007-72.png",
            "first_name": "",
            "real_name": "Fraser Green",
            "display_name": "Fraser Green",
            "team": "T029NF4AJG0",
            "name": "s3787186",
            "is_restricted": false,
            "is_ultra_restricted": false
        },
        "blocks": [
            {
                "type": "rich_text",
                "block_id": "Gbu",
                "elements": [
                    {
                        "type": "rich_text_section",
                        "elements": [
                            {
                                "type": "text",
                                "text": "i'm free 3:30 - 4:30 tuesday, should we do it then?"
                            }
                        ]
                    }
                ]
            }
        ],
        "reactions": [
            {
                "name": "raised_hands",
                "users": [
                    "U028YQ7RZMG"
                ],
                "count": 1
            }
        ]
    },
    {
        "client_msg_id": "b3162be2-99e9-4a72-9911-ab625879d5ad",
        "type": "message",
        "text": "if that's your only free spot, then i guess that's the time :thumbsup:",
        "user": "U028Z0YMHDZ",
        "ts": "1627912329.007000",
        "team": "T029NF4AJG0",
        "user_team": "T029NF4AJG0",
        "source_team": "T029NF4AJG0",
        "user_profile": {
            "avatar_hash": "g6d65e276635",
            "image_72": "https:\/\/secure.gravatar.com\/avatar\/6d65e276635701955d4de4faffaf4616.jpg?s=72&d=https%3A%2F%2Fa.slack-edge.com%2Fdf10d%2Fimg%2Favatars%2Fava_0018-72.png",
            "first_name": "",
            "real_name": "Reylan Gill",
            "display_name": "Reylan Gill",
            "team": "T029NF4AJG0",
            "name": "s3285137",
            "is_restricted": false,
            "is_ultra_restricted": false
        },
        "blocks": [
            {
                "type": "rich_text",
                "block_id": "CQcq",
                "elements": [
                    {
                        "type": "rich_text_section",
                        "elements": [
                            {
                                "type": "text",
                                "text": "if that's your only free spot, then i guess that's the time "
                            },
                            {
                                "type": "emoji",
                                "name": "thumbsup"
                            }
                        ]
                    }
                ]
            }
        ]
    },
    {
        "client_msg_id": "a28b0281-77f8-4479-8a13-342ab770f921",
        "type": "message",
        "text": "Sounds good",
        "user": "U028YQ7RZMG",
        "ts": "1627938663.000200",
        "team": "T029NF4AJG0",
        "user_team": "T029NF4AJG0",
        "source_team": "T029NF4AJG0",
        "user_profile": {
            "avatar_hash": "gd135baa49ed",
            "image_72": "https:\/\/secure.gravatar.com\/avatar\/d135baa49ed036d1a79965baf65f544b.jpg?s=72&d=https%3A%2F%2Fa.slack-edge.com%2Fdf10d%2Fimg%2Favatars%2Fava_0020-72.png",
            "first_name": "Hugh",
            "real_name": "Hugh Phung",
            "display_name": "",
            "team": "T029NF4AJG0",
            "name": "s3842508",
            "is_restricted": false,
            "is_ultra_restricted": false
        },
        "blocks": [
            {
                "type": "rich_text",
                "block_id": "OJtw1",
                "elements": [
                    {
                        "type": "rich_text_section",
                        "elements": [
                            {
                                "type": "text",
                                "text": "Sounds good"
                            }
                        ]
                    }
                ]
            }
        ]
    },
    {
        "client_msg_id": "f34c2797-6de7-40dd-8393-ab6f20a5c7a7",
        "type": "message",
        "text": "Are you guys all using your rmit email with Github?",
        "user": "U028YQ7RZMG",
        "ts": "1627965648.000800",
        "team": "T029NF4AJG0",
        "user_team": "T029NF4AJG0",
        "source_team": "T029NF4AJG0",
        "user_profile": {
            "avatar_hash": "gd135baa49ed",
            "image_72": "https:\/\/secure.gravatar.com\/avatar\/d135baa49ed036d1a79965baf65f544b.jpg?s=72&d=https%3A%2F%2Fa.slack-edge.com%2Fdf10d%2Fimg%2Favatars%2Fava_0020-72.png",
            "first_name": "Hugh",
            "real_name": "Hugh Phung",
            "display_name": "",
            "team": "T029NF4AJG0",
            "name": "s3842508",
            "is_restricted": false,
            "is_ultra_restricted": false
        },
        "blocks": [
            {
                "type": "rich_text",
                "block_id": "ht7",
                "elements": [
                    {
                        "type": "rich_text_section",
                        "elements": [
                            {
                                "type": "text",
                                "text": "Are you guys all using your rmit email with Github?"
                            }
                        ]
                    }
                ]
            }
        ]
    },
    {
        "client_msg_id": "9ee861d2-c848-4240-8948-be368ae5ed7e",
        "type": "message",
        "text": "yep",
        "user": "U028Z0YMHDZ",
        "ts": "1627965658.001000",
        "team": "T029NF4AJG0",
        "user_team": "T029NF4AJG0",
        "source_team": "T029NF4AJG0",
        "user_profile": {
            "avatar_hash": "g6d65e276635",
            "image_72": "https:\/\/secure.gravatar.com\/avatar\/6d65e276635701955d4de4faffaf4616.jpg?s=72&d=https%3A%2F%2Fa.slack-edge.com%2Fdf10d%2Fimg%2Favatars%2Fava_0018-72.png",
            "first_name": "",
            "real_name": "Reylan Gill",
            "display_name": "Reylan Gill",
            "team": "T029NF4AJG0",
            "name": "s3285137",
            "is_restricted": false,
            "is_ultra_restricted": false
        },
        "blocks": [
            {
                "type": "rich_text",
                "block_id": "ptFU",
                "elements": [
                    {
                        "type": "rich_text_section",
                        "elements": [
                            {
                                "type": "text",
                                "text": "yep"
                            }
                        ]
                    }
                ]
            }
        ]
    },
    {
        "client_msg_id": "b26a5143-034f-4d30-be3e-6786fdfceccd",
        "type": "message",
        "text": "nop",
        "user": "U02950YUZTN",
        "ts": "1627966792.001200",
        "team": "T029NF4AJG0",
        "user_team": "T029NF4AJG0",
        "source_team": "T029NF4AJG0",
        "user_profile": {
            "avatar_hash": "22b11c38dda1",
            "image_72": "https:\/\/avatars.slack-edge.com\/2021-07-22\/2317487721617_22b11c38dda197cd1cde_72.png",
            "first_name": "",
            "real_name": "Sam Te",
            "display_name": "Sam Te",
            "team": "T029NF4AJG0",
            "name": "s3199556",
            "is_restricted": false,
            "is_ultra_restricted": false
        },
        "blocks": [
            {
                "type": "rich_text",
                "block_id": "ZEFFq",
                "elements": [
                    {
                        "type": "rich_text_section",
                        "elements": [
                            {
                                "type": "text",
                                "text": "nop"
                            }
                        ]
                    }
                ]
            }
        ]
    },
    {
        "client_msg_id": "a15daaaa-a965-429d-80a6-fbf2e4feea7a",
        "type": "message",
        "text": "What’s your email I’ll add you as a collaborator",
        "user": "U028YQ7RZMG",
        "ts": "1627966884.001500",
        "team": "T029NF4AJG0",
        "user_team": "T029NF4AJG0",
        "source_team": "T029NF4AJG0",
        "user_profile": {
            "avatar_hash": "gd135baa49ed",
            "image_72": "https:\/\/secure.gravatar.com\/avatar\/d135baa49ed036d1a79965baf65f544b.jpg?s=72&d=https%3A%2F%2Fa.slack-edge.com%2Fdf10d%2Fimg%2Favatars%2Fava_0020-72.png",
            "first_name": "Hugh",
            "real_name": "Hugh Phung",
            "display_name": "",
            "team": "T029NF4AJG0",
            "name": "s3842508",
            "is_restricted": false,
            "is_ultra_restricted": false
        },
        "blocks": [
            {
                "type": "rich_text",
                "block_id": "1w0",
                "elements": [
                    {
                        "type": "rich_text_section",
                        "elements": [
                            {
                                "type": "text",
                                "text": "What’s your email I’ll add you as a collaborator"
                            }
                        ]
                    }
                ]
            }
        ]
    },
    {
        "client_msg_id": "1769c84d-0fc1-43ba-955a-ddcd956448d4",
        "type": "message",
        "text": "github username is samte1",
        "user": "U02950YUZTN",
        "ts": "1627967548.002100",
        "team": "T029NF4AJG0",
        "user_team": "T029NF4AJG0",
        "source_team": "T029NF4AJG0",
        "user_profile": {
            "avatar_hash": "22b11c38dda1",
            "image_72": "https:\/\/avatars.slack-edge.com\/2021-07-22\/2317487721617_22b11c38dda197cd1cde_72.png",
            "first_name": "",
            "real_name": "Sam Te",
            "display_name": "Sam Te",
            "team": "T029NF4AJG0",
            "name": "s3199556",
            "is_restricted": false,
            "is_ultra_restricted": false
        },
        "blocks": [
            {
                "type": "rich_text",
                "block_id": "TKn",
                "elements": [
                    {
                        "type": "rich_text_section",
                        "elements": [
                            {
                                "type": "text",
                                "text": "github username is samte1"
                            }
                        ]
                    }
                ]
            }
        ]
    },
    {
        "client_msg_id": "5a1f5f4e-caa6-4a5f-a25f-bdb4681131cc",
        "type": "message",
        "text": "we using slack or teams or wat?",
        "user": "U028Z0YMHDZ",
        "ts": "1627968122.002300",
        "team": "T029NF4AJG0",
        "user_team": "T029NF4AJG0",
        "source_team": "T029NF4AJG0",
        "user_profile": {
            "avatar_hash": "g6d65e276635",
            "image_72": "https:\/\/secure.gravatar.com\/avatar\/6d65e276635701955d4de4faffaf4616.jpg?s=72&d=https%3A%2F%2Fa.slack-edge.com%2Fdf10d%2Fimg%2Favatars%2Fava_0018-72.png",
            "first_name": "",
            "real_name": "Reylan Gill",
            "display_name": "Reylan Gill",
            "team": "T029NF4AJG0",
            "name": "s3285137",
            "is_restricted": false,
            "is_ultra_restricted": false
        },
        "blocks": [
            {
                "type": "rich_text",
                "block_id": "xVe",
                "elements": [
                    {
                        "type": "rich_text_section",
                        "elements": [
                            {
                                "type": "text",
                                "text": "we using slack or teams or wat?"
                            }
                        ]
                    }
                ]
            }
        ]
    },
    {
        "client_msg_id": "312f610e-8a29-419b-9f4e-cb3e27b358ec",
        "type": "message",
        "text": "also thanks <@U028YQ7RZMG> for setting up the repo",
        "user": "U028Z0YMHDZ",
        "ts": "1627968142.002700",
        "team": "T029NF4AJG0",
        "user_team": "T029NF4AJG0",
        "source_team": "T029NF4AJG0",
        "user_profile": {
            "avatar_hash": "g6d65e276635",
            "image_72": "https:\/\/secure.gravatar.com\/avatar\/6d65e276635701955d4de4faffaf4616.jpg?s=72&d=https%3A%2F%2Fa.slack-edge.com%2Fdf10d%2Fimg%2Favatars%2Fava_0018-72.png",
            "first_name": "",
            "real_name": "Reylan Gill",
            "display_name": "Reylan Gill",
            "team": "T029NF4AJG0",
            "name": "s3285137",
            "is_restricted": false,
            "is_ultra_restricted": false
        },
        "blocks": [
            {
                "type": "rich_text",
                "block_id": "GaB",
                "elements": [
                    {
                        "type": "rich_text_section",
                        "elements": [
                            {
                                "type": "text",
                                "text": "also thanks "
                            },
                            {
                                "type": "user",
                                "user_id": "U028YQ7RZMG"
                            },
                            {
                                "type": "text",
                                "text": " for setting up the repo"
                            }
                        ]
                    }
                ]
            }
        ]
    },
    {
        "client_msg_id": "9d806474-4aed-4428-9433-eae40d2cd1ea",
        "type": "message",
        "text": "I prefer teams but we can try a slack call",
        "user": "U028YQ7RZMG",
        "ts": "1627968404.003100",
        "team": "T029NF4AJG0",
        "user_team": "T029NF4AJG0",
        "source_team": "T029NF4AJG0",
        "user_profile": {
            "avatar_hash": "gd135baa49ed",
            "image_72": "https:\/\/secure.gravatar.com\/avatar\/d135baa49ed036d1a79965baf65f544b.jpg?s=72&d=https%3A%2F%2Fa.slack-edge.com%2Fdf10d%2Fimg%2Favatars%2Fava_0020-72.png",
            "first_name": "Hugh",
            "real_name": "Hugh Phung",
            "display_name": "",
            "team": "T029NF4AJG0",
            "name": "s3842508",
            "is_restricted": false,
            "is_ultra_restricted": false
        },
        "blocks": [
            {
                "type": "rich_text",
                "block_id": "VK7x",
                "elements": [
                    {
                        "type": "rich_text_section",
                        "elements": [
                            {
                                "type": "text",
                                "text": "I prefer teams but we can try a slack call"
                            }
                        ]
                    }
                ]
            }
        ]
    },
    {
        "client_msg_id": "3b59937b-c1fa-4fea-8325-f7063b59e814",
        "type": "message",
        "text": "i'm not fussed so if you'd prefer to use teams, let's do that",
        "user": "U028Z0YMHDZ",
        "ts": "1627968425.003800",
        "team": "T029NF4AJG0",
        "user_team": "T029NF4AJG0",
        "source_team": "T029NF4AJG0",
        "user_profile": {
            "avatar_hash": "g6d65e276635",
            "image_72": "https:\/\/secure.gravatar.com\/avatar\/6d65e276635701955d4de4faffaf4616.jpg?s=72&d=https%3A%2F%2Fa.slack-edge.com%2Fdf10d%2Fimg%2Favatars%2Fava_0018-72.png",
            "first_name": "",
            "real_name": "Reylan Gill",
            "display_name": "Reylan Gill",
            "team": "T029NF4AJG0",
            "name": "s3285137",
            "is_restricted": false,
            "is_ultra_restricted": false
        },
        "blocks": [
            {
                "type": "rich_text",
                "block_id": "aMfv",
                "elements": [
                    {
                        "type": "rich_text_section",
                        "elements": [
                            {
                                "type": "text",
                                "text": "i'm not fussed so if you'd prefer to use teams, let's do that"
                            }
                        ]
                    }
                ]
            }
        ]
    },
    {
        "client_msg_id": "3335b4c5-0e3c-43f7-896a-589f5f39d18a",
        "type": "message",
        "text": "And on Friday they might invite all of us into a SEPT git classrooms where we can make teams",
        "user": "U028YQ7RZMG",
        "ts": "1627968447.004300",
        "team": "T029NF4AJG0",
        "user_team": "T029NF4AJG0",
        "source_team": "T029NF4AJG0",
        "user_profile": {
            "avatar_hash": "gd135baa49ed",
            "image_72": "https:\/\/secure.gravatar.com\/avatar\/d135baa49ed036d1a79965baf65f544b.jpg?s=72&d=https%3A%2F%2Fa.slack-edge.com%2Fdf10d%2Fimg%2Favatars%2Fava_0020-72.png",
            "first_name": "Hugh",
            "real_name": "Hugh Phung",
            "display_name": "",
            "team": "T029NF4AJG0",
            "name": "s3842508",
            "is_restricted": false,
            "is_ultra_restricted": false
        },
        "blocks": [
            {
                "type": "rich_text",
                "block_id": "N=2Yf",
                "elements": [
                    {
                        "type": "rich_text_section",
                        "elements": [
                            {
                                "type": "text",
                                "text": "And on Friday they might invite all of us into a SEPT git classrooms where we can make teams"
                            }
                        ]
                    }
                ]
            }
        ]
    },
    {
        "client_msg_id": "28d7bcfa-98b3-45eb-99ff-69829ad98697",
        "type": "message",
        "text": "So the git repo I just made is probably redundant",
        "user": "U028YQ7RZMG",
        "ts": "1627968463.004700",
        "team": "T029NF4AJG0",
        "user_team": "T029NF4AJG0",
        "source_team": "T029NF4AJG0",
        "user_profile": {
            "avatar_hash": "gd135baa49ed",
            "image_72": "https:\/\/secure.gravatar.com\/avatar\/d135baa49ed036d1a79965baf65f544b.jpg?s=72&d=https%3A%2F%2Fa.slack-edge.com%2Fdf10d%2Fimg%2Favatars%2Fava_0020-72.png",
            "first_name": "Hugh",
            "real_name": "Hugh Phung",
            "display_name": "",
            "team": "T029NF4AJG0",
            "name": "s3842508",
            "is_restricted": false,
            "is_ultra_restricted": false
        },
        "blocks": [
            {
                "type": "rich_text",
                "block_id": "MHS",
                "elements": [
                    {
                        "type": "rich_text_section",
                        "elements": [
                            {
                                "type": "text",
                                "text": "So the git repo I just made is probably redundant"
                            }
                        ]
                    }
                ]
            }
        ]
    },
    {
        "client_msg_id": "b223ac53-a17a-4ee8-83ac-a54a8eb75a9e",
        "type": "message",
        "text": "oh ok",
        "user": "U028Z0YMHDZ",
        "ts": "1627968469.004900",
        "team": "T029NF4AJG0",
        "user_team": "T029NF4AJG0",
        "source_team": "T029NF4AJG0",
        "user_profile": {
            "avatar_hash": "g6d65e276635",
            "image_72": "https:\/\/secure.gravatar.com\/avatar\/6d65e276635701955d4de4faffaf4616.jpg?s=72&d=https%3A%2F%2Fa.slack-edge.com%2Fdf10d%2Fimg%2Favatars%2Fava_0018-72.png",
            "first_name": "",
            "real_name": "Reylan Gill",
            "display_name": "Reylan Gill",
            "team": "T029NF4AJG0",
            "name": "s3285137",
            "is_restricted": false,
            "is_ultra_restricted": false
        },
        "blocks": [
            {
                "type": "rich_text",
                "block_id": "lJn",
                "elements": [
                    {
                        "type": "rich_text_section",
                        "elements": [
                            {
                                "type": "text",
                                "text": "oh ok"
                            }
                        ]
                    }
                ]
            }
        ]
    },
    {
        "client_msg_id": "c81351f4-1e1a-49c6-9d11-f92ce5c47909",
        "type": "message",
        "text": "Which Meeting Minutes file are we using",
        "user": "U028YQ7RZMG",
        "ts": "1627968653.005200",
        "team": "T029NF4AJG0",
        "user_team": "T029NF4AJG0",
        "source_team": "T029NF4AJG0",
        "user_profile": {
            "avatar_hash": "gd135baa49ed",
            "image_72": "https:\/\/secure.gravatar.com\/avatar\/d135baa49ed036d1a79965baf65f544b.jpg?s=72&d=https%3A%2F%2Fa.slack-edge.com%2Fdf10d%2Fimg%2Favatars%2Fava_0020-72.png",
            "first_name": "Hugh",
            "real_name": "Hugh Phung",
            "display_name": "",
            "team": "T029NF4AJG0",
            "name": "s3842508",
            "is_restricted": false,
            "is_ultra_restricted": false
        },
        "blocks": [
            {
                "type": "rich_text",
                "block_id": "nGSw",
                "elements": [
                    {
                        "type": "rich_text_section",
                        "elements": [
                            {
                                "type": "text",
                                "text": "Which Meeting Minutes file are we using"
                            }
                        ]
                    }
                ]
            }
        ]
    },
    {
        "client_msg_id": "27d064f0-56ce-48d3-9fb5-daa02cb2aed7",
        "type": "message",
        "text": "the dated one i intended",
        "user": "U028Z0YMHDZ",
        "ts": "1627968671.005500",
        "team": "T029NF4AJG0",
        "user_team": "T029NF4AJG0",
        "source_team": "T029NF4AJG0",
        "user_profile": {
            "avatar_hash": "g6d65e276635",
            "image_72": "https:\/\/secure.gravatar.com\/avatar\/6d65e276635701955d4de4faffaf4616.jpg?s=72&d=https%3A%2F%2Fa.slack-edge.com%2Fdf10d%2Fimg%2Favatars%2Fava_0018-72.png",
            "first_name": "",
            "real_name": "Reylan Gill",
            "display_name": "Reylan Gill",
            "team": "T029NF4AJG0",
            "name": "s3285137",
            "is_restricted": false,
            "is_ultra_restricted": false
        },
        "blocks": [
            {
                "type": "rich_text",
                "block_id": "K+8Q",
                "elements": [
                    {
                        "type": "rich_text_section",
                        "elements": [
                            {
                                "type": "text",
                                "text": "the dated one i intended"
                            }
                        ]
                    }
                ]
            }
        ]
    },
    {
        "client_msg_id": "38ff2a9f-1e0a-4ca1-8fc1-8d36ace54aea",
        "type": "message",
        "text": "oh wtf",
        "user": "U028Z0YMHDZ",
        "ts": "1627968689.005700",
        "team": "T029NF4AJG0",
        "user_team": "T029NF4AJG0",
        "source_team": "T029NF4AJG0",
        "user_profile": {
            "avatar_hash": "g6d65e276635",
            "image_72": "https:\/\/secure.gravatar.com\/avatar\/6d65e276635701955d4de4faffaf4616.jpg?s=72&d=https%3A%2F%2Fa.slack-edge.com%2Fdf10d%2Fimg%2Favatars%2Fava_0018-72.png",
            "first_name": "",
            "real_name": "Reylan Gill",
            "display_name": "Reylan Gill",
            "team": "T029NF4AJG0",
            "name": "s3285137",
            "is_restricted": false,
            "is_ultra_restricted": false
        },
        "blocks": [
            {
                "type": "rich_text",
                "block_id": "\/fZ",
                "elements": [
                    {
                        "type": "rich_text_section",
                        "elements": [
                            {
                                "type": "text",
                                "text": "oh wtf"
                            }
                        ]
                    }
                ]
            }
        ]
    },
    {
        "client_msg_id": "401d893a-72d5-42e8-ab42-ac729d8ffe4b",
        "type": "message",
        "text": "one of them should say 'ignore this'",
        "user": "U028Z0YMHDZ",
        "ts": "1627968698.006000",
        "team": "T029NF4AJG0",
        "user_team": "T029NF4AJG0",
        "source_team": "T029NF4AJG0",
        "user_profile": {
            "avatar_hash": "g6d65e276635",
            "image_72": "https:\/\/secure.gravatar.com\/avatar\/6d65e276635701955d4de4faffaf4616.jpg?s=72&d=https%3A%2F%2Fa.slack-edge.com%2Fdf10d%2Fimg%2Favatars%2Fava_0018-72.png",
            "first_name": "",
            "real_name": "Reylan Gill",
            "display_name": "Reylan Gill",
            "team": "T029NF4AJG0",
            "name": "s3285137",
            "is_restricted": false,
            "is_ultra_restricted": false
        },
        "blocks": [
            {
                "type": "rich_text",
                "block_id": "LaH",
                "elements": [
                    {
                        "type": "rich_text_section",
                        "elements": [
                            {
                                "type": "text",
                                "text": "one of them should say 'ignore this'"
                            }
                        ]
                    }
                ]
            }
        ]
    },
    {
        "client_msg_id": "86c92c82-f520-417c-909c-82d1b3fc4bcf",
        "type": "message",
        "text": "i didn't realise the files on canvas were actually docs not pdfs so i typed it out lol....",
        "user": "U028Z0YMHDZ",
        "ts": "1627968710.006400",
        "team": "T029NF4AJG0",
        "user_team": "T029NF4AJG0",
        "source_team": "T029NF4AJG0",
        "user_profile": {
            "avatar_hash": "g6d65e276635",
            "image_72": "https:\/\/secure.gravatar.com\/avatar\/6d65e276635701955d4de4faffaf4616.jpg?s=72&d=https%3A%2F%2Fa.slack-edge.com%2Fdf10d%2Fimg%2Favatars%2Fava_0018-72.png",
            "first_name": "",
            "real_name": "Reylan Gill",
            "display_name": "Reylan Gill",
            "team": "T029NF4AJG0",
            "name": "s3285137",
            "is_restricted": false,
            "is_ultra_restricted": false
        },
        "blocks": [
            {
                "type": "rich_text",
                "block_id": "CkCW",
                "elements": [
                    {
                        "type": "rich_text_section",
                        "elements": [
                            {
                                "type": "text",
                                "text": "i didn't realise the files on canvas were actually docs not pdfs so i typed it out lol...."
                            }
                        ]
                    }
                ]
            }
        ]
    },
    {
        "client_msg_id": "e83e5fed-fd73-4b2b-b60c-fbcb774651a6",
        "type": "message",
        "text": "oh ooops",
        "user": "U028YQ7RZMG",
        "ts": "1627968728.006600",
        "team": "T029NF4AJG0",
        "user_team": "T029NF4AJG0",
        "source_team": "T029NF4AJG0",
        "user_profile": {
            "avatar_hash": "gd135baa49ed",
            "image_72": "https:\/\/secure.gravatar.com\/avatar\/d135baa49ed036d1a79965baf65f544b.jpg?s=72&d=https%3A%2F%2Fa.slack-edge.com%2Fdf10d%2Fimg%2Favatars%2Fava_0020-72.png",
            "first_name": "Hugh",
            "real_name": "Hugh Phung",
            "display_name": "",
            "team": "T029NF4AJG0",
            "name": "s3842508",
            "is_restricted": false,
            "is_ultra_restricted": false
        },
        "blocks": [
            {
                "type": "rich_text",
                "block_id": "O58",
                "elements": [
                    {
                        "type": "rich_text_section",
                        "elements": [
                            {
                                "type": "text",
                                "text": "oh ooops"
                            }
                        ]
                    }
                ]
            }
        ]
    },
    {
        "client_msg_id": "d62b1bc4-bf3a-4eb9-bdaa-5f08085f05c3",
        "type": "message",
        "text": "ok so i tried to rename again and it says already exists",
        "user": "U028Z0YMHDZ",
        "ts": "1627968755.006900",
        "team": "T029NF4AJG0",
        "user_team": "T029NF4AJG0",
        "source_team": "T029NF4AJG0",
        "user_profile": {
            "avatar_hash": "g6d65e276635",
            "image_72": "https:\/\/secure.gravatar.com\/avatar\/6d65e276635701955d4de4faffaf4616.jpg?s=72&d=https%3A%2F%2Fa.slack-edge.com%2Fdf10d%2Fimg%2Favatars%2Fava_0018-72.png",
            "first_name": "",
            "real_name": "Reylan Gill",
            "display_name": "Reylan Gill",
            "team": "T029NF4AJG0",
            "name": "s3285137",
            "is_restricted": false,
            "is_ultra_restricted": false
        },
        "blocks": [
            {
                "type": "rich_text",
                "block_id": "mnz",
                "elements": [
                    {
                        "type": "rich_text_section",
                        "elements": [
                            {
                                "type": "text",
                                "text": "ok so i tried to rename again and it says already exists"
                            }
                        ]
                    }
                ]
            }
        ]
    },
    {
        "client_msg_id": "223eb2f1-c2ec-4035-a0b7-91d32d773d42",
        "type": "message",
        "text": "had this issue with teams once before where a file 'existed' but didn't appear",
        "user": "U028Z0YMHDZ",
        "ts": "1627968765.007200",
        "team": "T029NF4AJG0",
        "user_team": "T029NF4AJG0",
        "source_team": "T029NF4AJG0",
        "user_profile": {
            "avatar_hash": "g6d65e276635",
            "image_72": "https:\/\/secure.gravatar.com\/avatar\/6d65e276635701955d4de4faffaf4616.jpg?s=72&d=https%3A%2F%2Fa.slack-edge.com%2Fdf10d%2Fimg%2Favatars%2Fava_0018-72.png",
            "first_name": "",
            "real_name": "Reylan Gill",
            "display_name": "Reylan Gill",
            "team": "T029NF4AJG0",
            "name": "s3285137",
            "is_restricted": false,
            "is_ultra_restricted": false
        },
        "blocks": [
            {
                "type": "rich_text",
                "block_id": "I=urS",
                "elements": [
                    {
                        "type": "rich_text_section",
                        "elements": [
                            {
                                "type": "text",
                                "text": "had this issue with teams once before where a file 'existed' but didn't appear"
                            }
                        ]
                    }
                ]
            }
        ]
    },
    {
        "client_msg_id": "f6508fab-83e0-402d-b978-cedd5af29733",
        "type": "message",
        "text": "anyway, np",
        "user": "U028Z0YMHDZ",
        "ts": "1627968770.007400",
        "team": "T029NF4AJG0",
        "user_team": "T029NF4AJG0",
        "source_team": "T029NF4AJG0",
        "user_profile": {
            "avatar_hash": "g6d65e276635",
            "image_72": "https:\/\/secure.gravatar.com\/avatar\/6d65e276635701955d4de4faffaf4616.jpg?s=72&d=https%3A%2F%2Fa.slack-edge.com%2Fdf10d%2Fimg%2Favatars%2Fava_0018-72.png",
            "first_name": "",
            "real_name": "Reylan Gill",
            "display_name": "Reylan Gill",
            "team": "T029NF4AJG0",
            "name": "s3285137",
            "is_restricted": false,
            "is_ultra_restricted": false
        },
        "blocks": [
            {
                "type": "rich_text",
                "block_id": "52aU",
                "elements": [
                    {
                        "type": "rich_text_section",
                        "elements": [
                            {
                                "type": "text",
                                "text": "anyway, np"
                            }
                        ]
                    }
                ]
            }
        ]
    },
    {
        "client_msg_id": "e5fd7f00-6f30-4895-a43b-98964b7b2b56",
        "type": "message",
        "text": "there we go",
        "user": "U028Z0YMHDZ",
        "ts": "1627968788.007700",
        "team": "T029NF4AJG0",
        "user_team": "T029NF4AJG0",
        "source_team": "T029NF4AJG0",
        "user_profile": {
            "avatar_hash": "g6d65e276635",
            "image_72": "https:\/\/secure.gravatar.com\/avatar\/6d65e276635701955d4de4faffaf4616.jpg?s=72&d=https%3A%2F%2Fa.slack-edge.com%2Fdf10d%2Fimg%2Favatars%2Fava_0018-72.png",
            "first_name": "",
            "real_name": "Reylan Gill",
            "display_name": "Reylan Gill",
            "team": "T029NF4AJG0",
            "name": "s3285137",
            "is_restricted": false,
            "is_ultra_restricted": false
        },
        "blocks": [
            {
                "type": "rich_text",
                "block_id": "OSS",
                "elements": [
                    {
                        "type": "rich_text_section",
                        "elements": [
                            {
                                "type": "text",
                                "text": "there we go"
                            }
                        ]
                    }
                ]
            }
        ]
    },
    {
        "client_msg_id": "02f051df-157c-4680-9603-2effcb10ad40",
        "type": "message",
        "text": "wtf that renamed them both AHHHHHHHHHHHH",
        "user": "U028Z0YMHDZ",
        "ts": "1627968803.007900",
        "team": "T029NF4AJG0",
        "user_team": "T029NF4AJG0",
        "source_team": "T029NF4AJG0",
        "user_profile": {
            "avatar_hash": "g6d65e276635",
            "image_72": "https:\/\/secure.gravatar.com\/avatar\/6d65e276635701955d4de4faffaf4616.jpg?s=72&d=https%3A%2F%2Fa.slack-edge.com%2Fdf10d%2Fimg%2Favatars%2Fava_0018-72.png",
            "first_name": "",
            "real_name": "Reylan Gill",
            "display_name": "Reylan Gill",
            "team": "T029NF4AJG0",
            "name": "s3285137",
            "is_restricted": false,
            "is_ultra_restricted": false
        },
        "blocks": [
            {
                "type": "rich_text",
                "block_id": "Rzpo",
                "elements": [
                    {
                        "type": "rich_text_section",
                        "elements": [
                            {
                                "type": "text",
                                "text": "wtf that renamed them both AHHHHHHHHHHHH"
                            }
                        ]
                    }
                ]
            }
        ]
    },
    {
        "client_msg_id": "2beee1c4-5698-4eac-83e3-6d72b1ccaf58",
        "type": "message",
        "text": "both link to the same file",
        "user": "U028Z0YMHDZ",
        "ts": "1627968861.008100",
        "team": "T029NF4AJG0",
        "user_team": "T029NF4AJG0",
        "source_team": "T029NF4AJG0",
        "user_profile": {
            "avatar_hash": "g6d65e276635",
            "image_72": "https:\/\/secure.gravatar.com\/avatar\/6d65e276635701955d4de4faffaf4616.jpg?s=72&d=https%3A%2F%2Fa.slack-edge.com%2Fdf10d%2Fimg%2Favatars%2Fava_0018-72.png",
            "first_name": "",
            "real_name": "Reylan Gill",
            "display_name": "Reylan Gill",
            "team": "T029NF4AJG0",
            "name": "s3285137",
            "is_restricted": false,
            "is_ultra_restricted": false
        },
        "blocks": [
            {
                "type": "rich_text",
                "block_id": "ZwCXr",
                "elements": [
                    {
                        "type": "rich_text_section",
                        "elements": [
                            {
                                "type": "text",
                                "text": "both link to the same file"
                            }
                        ]
                    }
                ]
            }
        ]
    },
    {
        "client_msg_id": "e488f024-1b3a-4d94-8faa-004cb8c31cee",
        "type": "message",
        "text": "nice one, teams",
        "user": "U028Z0YMHDZ",
        "ts": "1627968865.008300",
        "team": "T029NF4AJG0",
        "user_team": "T029NF4AJG0",
        "source_team": "T029NF4AJG0",
        "user_profile": {
            "avatar_hash": "g6d65e276635",
            "image_72": "https:\/\/secure.gravatar.com\/avatar\/6d65e276635701955d4de4faffaf4616.jpg?s=72&d=https%3A%2F%2Fa.slack-edge.com%2Fdf10d%2Fimg%2Favatars%2Fava_0018-72.png",
            "first_name": "",
            "real_name": "Reylan Gill",
            "display_name": "Reylan Gill",
            "team": "T029NF4AJG0",
            "name": "s3285137",
            "is_restricted": false,
            "is_ultra_restricted": false
        },
        "blocks": [
            {
                "type": "rich_text",
                "block_id": "IA5qt",
                "elements": [
                    {
                        "type": "rich_text_section",
                        "elements": [
                            {
                                "type": "text",
                                "text": "nice one, teams"
                            }
                        ]
                    }
                ]
            }
        ]
    },
    {
        "client_msg_id": "b176fb4f-7411-4879-a68a-0d381060c35e",
        "type": "message",
        "text": "what theee",
        "user": "U028YQ7RZMG",
        "ts": "1627968874.008500",
        "team": "T029NF4AJG0",
        "user_team": "T029NF4AJG0",
        "source_team": "T029NF4AJG0",
        "user_profile": {
            "avatar_hash": "gd135baa49ed",
            "image_72": "https:\/\/secure.gravatar.com\/avatar\/d135baa49ed036d1a79965baf65f544b.jpg?s=72&d=https%3A%2F%2Fa.slack-edge.com%2Fdf10d%2Fimg%2Favatars%2Fava_0020-72.png",
            "first_name": "Hugh",
            "real_name": "Hugh Phung",
            "display_name": "",
            "team": "T029NF4AJG0",
            "name": "s3842508",
            "is_restricted": false,
            "is_ultra_restricted": false
        },
        "blocks": [
            {
                "type": "rich_text",
                "block_id": "8CV",
                "elements": [
                    {
                        "type": "rich_text_section",
                        "elements": [
                            {
                                "type": "text",
                                "text": "what theee"
                            }
                        ]
                    }
                ]
            }
        ]
    },
    {
        "client_msg_id": "fd9479a9-30b6-4738-a2f0-a518d247e79e",
        "type": "message",
        "text": "ok we good",
        "user": "U028Z0YMHDZ",
        "ts": "1627968936.008700",
        "team": "T029NF4AJG0",
        "user_team": "T029NF4AJG0",
        "source_team": "T029NF4AJG0",
        "user_profile": {
            "avatar_hash": "g6d65e276635",
            "image_72": "https:\/\/secure.gravatar.com\/avatar\/6d65e276635701955d4de4faffaf4616.jpg?s=72&d=https%3A%2F%2Fa.slack-edge.com%2Fdf10d%2Fimg%2Favatars%2Fava_0018-72.png",
            "first_name": "",
            "real_name": "Reylan Gill",
            "display_name": "Reylan Gill",
            "team": "T029NF4AJG0",
            "name": "s3285137",
            "is_restricted": false,
            "is_ultra_restricted": false
        },
        "blocks": [
            {
                "type": "rich_text",
                "block_id": "aeU",
                "elements": [
                    {
                        "type": "rich_text_section",
                        "elements": [
                            {
                                "type": "text",
                                "text": "ok we good"
                            }
                        ]
                    }
                ]
            }
        ]
    },
    {
        "client_msg_id": "26d7ec8c-12d7-467f-b83b-d82a608c47ff",
        "type": "message",
        "text": "reylan we on teams vc",
        "user": "U02950YUZTN",
        "ts": "1627969058.009100",
        "team": "T029NF4AJG0",
        "user_team": "T029NF4AJG0",
        "source_team": "T029NF4AJG0",
        "user_profile": {
            "avatar_hash": "22b11c38dda1",
            "image_72": "https:\/\/avatars.slack-edge.com\/2021-07-22\/2317487721617_22b11c38dda197cd1cde_72.png",
            "first_name": "",
            "real_name": "Sam Te",
            "display_name": "Sam Te",
            "team": "T029NF4AJG0",
            "name": "s3199556",
            "is_restricted": false,
            "is_ultra_restricted": false
        },
        "blocks": [
            {
                "type": "rich_text",
                "block_id": "CtxyK",
                "elements": [
                    {
                        "type": "rich_text_section",
                        "elements": [
                            {
                                "type": "text",
                                "text": "reylan we on teams vc"
                            }
                        ]
                    }
                ]
            }
        ]
    },
    {
        "client_msg_id": "40d626c5-f887-48d6-b47f-79f476dee786",
        "type": "message",
        "text": "comin",
        "user": "U028Z0YMHDZ",
        "ts": "1627969067.009300",
        "team": "T029NF4AJG0",
        "user_team": "T029NF4AJG0",
        "source_team": "T029NF4AJG0",
        "user_profile": {
            "avatar_hash": "g6d65e276635",
            "image_72": "https:\/\/secure.gravatar.com\/avatar\/6d65e276635701955d4de4faffaf4616.jpg?s=72&d=https%3A%2F%2Fa.slack-edge.com%2Fdf10d%2Fimg%2Favatars%2Fava_0018-72.png",
            "first_name": "",
            "real_name": "Reylan Gill",
            "display_name": "Reylan Gill",
            "team": "T029NF4AJG0",
            "name": "s3285137",
            "is_restricted": false,
            "is_ultra_restricted": false
        },
        "blocks": [
            {
                "type": "rich_text",
                "block_id": "eu+x2",
                "elements": [
                    {
                        "type": "rich_text_section",
                        "elements": [
                            {
                                "type": "text",
                                "text": "comin"
                            }
                        ]
                    }
                ]
            }
        ]
    }
]